commentId,author,content,updatedAt
UgyM46cvidTgTxPKiet4AaABAg,N D,The surprise look and tears from Mai Ngo when she was announced as Top 5 brought me into tears.  She finally got rewarded for her effort.,2022-10-07T14:47:40Z
Ugxb8WeQ3USRRdH6Hll4AaABAg,Thuan Do,CÃ¢u phÃ¡t biá»ƒu cá»§a Nguyá»…n ThÃºc Thuá»³ TiÃªn Ä‘Ã£ lÃ m tÃ´i rÆ¡i lá»‡, tháº­t sá»± nÃ³i Ä‘Ãºng vá»›i ná»—i lÃ²ng bao ngÆ°á»i, vÃ  chá»‹ Ä‘Ã£ lÃ m ráº¥t ráº¥t tá»‘t nhiá»‡m ká»³ vá»«a qua, chá»‹ khÃ´ng lÃ m ai tháº¥t vá»ng nhá»¯ng gÃ¬ chá»‹ Ä‘em láº¡i vá»›i Viá»‡t Nam. Tá»± hÃ o cÃ´ gÃ¡i áº¥y Nguyá»…n ThÃºc Thuá»³ TiÃªn,2022-10-02T06:35:28Z
UgyPRGjZWu4xcbjrOFJ4AaABAg,Ãšt Nga,Báº£n thÃ¢n em lÃ  dÃ¢n 62 em tá»± hÃ o vá» chá»‹ â™¥ï¸ BÃ¬nh tÄ©nh, tá»± tin xá»­ lÃ­ tá»‘t trong má»i pháº§n thi.. KhuÃ´n máº·t kháº£ Ã¡i, duyÃªn dÃ¡ng. Chá»‹ xá»©ng Ä‘Ã¡ng Ä‘Æ°á»£c nháº­n nhá»¯ng gÃ¬ thuá»™c vá» chá»‹. YÃªu chá»‹!,2022-10-02T15:53:50Z
UgxLp3-426iUE73ODUV4AaABAg,Khy Hwin,Key moments (Khoáº£nh kháº¯c áº¥n tÆ°á»£ng) cá»§a Miss Grand Vietnam 2022 - ÄoÃ n ThiÃªn Ã‚n<br><a href="https://www.youtube.com/watch?v=6QJXXJe9Tos&amp;t=1h07m12s">1:07:12</a> HÃ´ tÃªn (Introduction)<br><a href="https://www.youtube.com/watch?v=6QJXXJe9Tos&amp;t=1h31m40s">1:31:40</a> HÃ¬nh áº£nh trong video vá» top 50 (Top 50&#39;s short video)<br><a href="https://www.youtube.com/watch?v=6QJXXJe9Tos&amp;t=1h43m41s">1:43:41</a> BÆ°á»›c vÃ o top 20<br><a href="https://www.youtube.com/watch?v=6QJXXJe9Tos&amp;t=2h04m17s">2:04:17</a> TrÃ¬nh diá»…n Ã¡o táº¯m (Swimsuit)<br><a href="https://www.youtube.com/watch?v=6QJXXJe9Tos&amp;t=2h11m31s">2:11:31</a> BÆ°á»›c vÃ o top 15<br><a href="https://www.youtube.com/watch?v=6QJXXJe9Tos&amp;t=2h43m09s">2:43:09</a> TrÃ¬nh diá»…n trang phá»¥c dáº¡ há»™i (Evening gown)<br><a href="https://www.youtube.com/watch?v=6QJXXJe9Tos&amp;t=3h01m08s">3:01:08</a> BÆ°á»›c vÃ o top 10<br><a href="https://www.youtube.com/watch?v=6QJXXJe9Tos&amp;t=3h39m14s">3:39:14</a> Thuyáº¿t trÃ¬nh vá» HÃ²a bÃ¬nh (Presentation)<br><a href="https://www.youtube.com/watch?v=6QJXXJe9Tos&amp;t=3h59m14s">3:59:14</a> Äoáº¡t giáº£i Thuyáº¿t trÃ¬nh vá» HÃ²a bÃ¬nh (Best Presentation on Peace)<br><a href="https://www.youtube.com/watch?v=6QJXXJe9Tos&amp;t=4h02m13s">4:02:13</a> BÆ°á»›c vÃ o top 5<br><a href="https://www.youtube.com/watch?v=6QJXXJe9Tos&amp;t=4h11m41s">4:11:41</a> Thi á»©ng xá»­ (Q&amp;A),2022-10-06T18:21:39Z
UgxrcfCDtBL6TrXK1Sh4AaABAg,sidd,such a well manazed pagent ğŸ‰â¤loved it,2022-10-06T16:04:53Z
UgwFAhFhi8oQt5efAU54AaABAg,Tuáº¥n anh Nguyá»…n,ThÃ¹y TiÃªn cÃ´ áº¥y quÃ¡ tuyá»‡t vá»i vÃ  ko bao giá» cÃ³ ai thay tháº¿ Ä‘c trÃ¡i tim áº¥m Ã¡p vÃ  lan tá»a hÃ²a bÃ¬nh trÃªn toÃ n tháº¿ giá»›i nhÆ° cÃ´ áº¥y ! Cáº£m Æ¡n Ä‘áº¥t nÆ°á»›c Viá»‡t Nam xinh Ä‘áº¹p vÃ  cha máº¹ cÃ´ áº¥y Ä‘Ã£ sinh ra cÃ´ áº¥y cÃ´ áº¥y nÃ³i mÃ  lÃ m rung Ä‘á»™ng Ä‘áº¿n trÃ¡i tim ğŸ’“ tÃ´i vÃ  má»i khÃ¡n giáº£ trÃªn má»i miá»n cá»§a tá»• quá»‘c Viá»‡t Nam mÃ¬nh khi cÃ¹ng xem vÃ  nghe cÃ´ áº¥y nÃ³i,2022-10-02T14:41:41Z
UgyWSvU8rhebBaZyquR4AaABAg,Linh Nguyá»…n,Final walk cá»§a TiÃªn lÃ  thá»i Ä‘iá»ƒm Ä‘Ã¡ng xem nháº¥t trong chÆ°Æ¡ng trÃ¬nh, thÃ´ng minh sÃ¢u sáº¯c ráº¥t xá»©ng Ä‘Ã¡ng luÃ´n. NÃ ng háº­u Ä‘Ãºng cháº¥t luÃ´n ğŸ˜ ğŸ˜˜,2022-10-05T02:24:40Z
Ugyi7hAVbUNywnfUBtR4AaABAg,Dat Hunga EZ,2 pháº§n thi thuyáº¿t trÃ¬nh vÃ  á»©ng xá»­ cÃ´ bÃ© thiÃªn Ã¢n thá»±c sá»± cÃ³ thá»±c lá»±c bá»©t phÃ¡ rÃµ rÃ ng so vá»›i pháº§n cÃ²n láº¡i. Lá»i nÃ³i Ä‘áº§y nÄƒng lÆ°á»£ng ná»™i lá»±c. To rÃµ rÃ ng. Suy nghÄ© sáº¯c gá»n tráº£ lá»i trÃ´i cháº£y. GÆ°Æ¡ng máº·t tháº§n thÃ¡i toÃ¡t lÃªn váº» tá»± tin vÃ  quyá»n lá»±c cá»§a 1 hoa háº­u rÃµ rÃ ng. CÃ´ bÃ© nÃ y tÆ°Æ¡ng lai há»c táº­p trau dá»“i tá»‘t ná»¯a sáº½ lÃ  má»™t lÃ£nh Ä‘áº¡o tÃ i ba.,2022-10-03T06:09:57Z
UgybgELCFRS9tzK7uAh4AaABAg,Cuong Nguyen Hung,ChÃºc má»«ng tÃ¢n Miss Grand Viá»‡t Nam ! Káº¿t quáº£ ráº¥t xá»©ng Ä‘Ã¡ng ! ChÆ°Æ¡ng trÃ¬nh tá»• chá»©c nÄƒm Ä‘áº§u tiÃªn mÃ  ráº¥t chuyÃªn nghiá»‡p, hoÃ nh trÃ¡ng, bÃ¡m sÃ¡t format quá»‘c táº¿. ğŸ‘ğŸ‘ğŸ‘,2022-10-01T19:49:26Z
Ugz0IAz213whUt_3Jg54AaABAg,the lemi,Long An Ã­t tháº¥y Ä‘i thi hoa háº­u mÃ  nay cuá»™c thi danh giÃ¡ váº­y Ä‘Ã£ Ä‘Äƒng quang. Tá»± hÃ o láº¯m quÃª hÆ°Æ¡ng Æ¡i ! Cáº£m Æ¡n Ã‚n ráº¥t giá»i vÃ  kiÃªn cÆ°á»ng trÃªn dÃ£y sash VN,2022-10-02T00:57:12Z
Ugyg9OvsN24yVue_GJ94AaABAg,Chi Le,GiÃ¢y phÃºt cá»§a Thuá»³ TiÃªn xuáº¥t hiá»‡n trÃªn sÃ¢n kháº¥u cháº¯c cÃ¢n cáº£ chÆ°Æ¡ng trÃ¬nh quÃ¡. ChÆ°a tháº¥y HH nÃ o tuyá»‡t vá»i nhÆ° tháº¿ ğŸ¥¹ğŸ¥¹ğŸ¥¹,2022-10-02T11:55:52Z
Ugw_8SEA7XVTzqctaih4AaABAg,Khanh Khanh,<a href="https://www.youtube.com/watch?v=6QJXXJe9Tos&amp;t=2h46m20s">2:46:20</a> Cáº£m Ä‘á»™ng quÃ¡! LÃ²ng tá»‘t cá»§a bÃ  Ä‘Ãºng lÃ  tuyá»‡t vá»i <br><a href="https://www.youtube.com/watch?v=6QJXXJe9Tos&amp;t=2h46m54s">2:46:54</a> Nhá»¯ng thanh niÃªn tuyá»‡t vá»i â¤,2022-10-24T06:33:57Z
UgxD915G44AmnzqJrYd4AaABAg,gem_k,Vietnam, you&#39;ve made the right choice. Miss Grand 2022 Vietnam is stunning. Wow,2022-10-05T03:06:31Z
UgyRyUCZ_biLXQ2Z3-t4AaABAg,Yoon Soo,Káº¿t quáº£ quÃ¡ xá»©ng Ä‘Ã¡ng. ÄÃºng lÃ  khÃ­ cháº¥t gÆ°Æ¡ng máº·t tá»a ra hÃ o Quang hoa háº­u tháº­t. NhÃ¬n nÃ©t Ä‘áº¹p gÃ¢y thiá»‡n cáº£m â¤,2022-10-02T03:58:25Z
UgxI6mwOlQ1k_WFvEPV4AaABAg,SHARING LIFETIME By Ratha,She deserves it ! I love her !â¤ sending from Cambodia ğŸ‡°ğŸ‡­,2022-10-03T18:19:19Z
Ugy_gmEgQLPpYrYj6e94AaABAg,Cuong Ngo,Thá»§y TiÃªn tháº­t Ä‘Ãºng Ä‘áº³ng cáº¥p cá»§a 1 Hoa háº­u Quá»‘c táº¿ mÃ  khÃ³ ai thay tháº¿ Ä‘Æ°á»£c. Lá»i nÃ³i chÃ¢n thÃ nh vÃ  truyá»n cáº£m há»©ng. ThÆ°Æ¡ng vÃ  trÃ¢n trá»ng nhá»¯ng gÃ¬ em Ä‘Ã£ ná»— lá»±c cá»‘ng hiáº¿n!,2022-10-02T07:39:09Z
UgyogeTHTVg5HtjCV1B4AaABAg,son kim,LuÃ´n tá»± hÃ o vÃ¬ cÃ³ 1 hoa háº­u nhÆ° Thuá»³ TiÃªn , nghe TiÃªn chia sáº» mÃ  ai cÅ©ng khÃ³c,2022-10-01T23:58:15Z
Ugy8R9_SeHfEq6I7q2l4AaABAg,Linh Nguyá»…n,ThÃ­ch cÃ¡i biá»ƒu cáº£m cá»§a em Ã½ khi biáº¿t mÃ¬nh Ä‘Äƒng quang. Nghe hoÃ n cáº£nh cÃ²n thÆ°Æ¡ng hÆ¡n. HoÃ n toÃ n xá»©ng Ä‘Ã¡ng â¤â¤â¤,2022-10-02T11:44:44Z
Ugza6YBdrqzTVBaWRrV4AaABAg,Tiá»‡m TrÃ  Vong Æ¯u,Sau khi TiÃªn nÃ³i &quot;hy vá»ng Ä‘Ã£ khÃ´ng lÃ m má»i ngÆ°á»i tháº¥t vá»ng&quot; dÆ°á»ng nhÆ° bao nhiÃªu váº¥t váº£ Ä‘Ã¨ lÃªn vai cuá»‘i cÃ¹ng Ä‘Æ°á»£c háº¡ xuá»‘ng. Cáº£m Æ¡n má»™t nhiá»‡m ká»³ tuyá»‡t vá»i cá»§a TiÃªn,2022-10-04T17:23:05Z
Ugz_WBNFI62BiEyFgbh4AaABAg,Aaron Zharnel,The great organizer of Vietnam . It&#39;s very huge and beautiful stage ,All top 5 were super gorgeous girls . Congratulations!,2022-10-02T02:47:38Z
UgwF75ObatyReCICft54AaABAg,TTHENX (Thanh Thanh),ThÃ¹y TiÃªn phÃ¡t biá»ƒu ráº¥t truyá»n cáº£m há»©ng vÃ  ráº¥t tháº­t. CÃ´ gÃ¡i áº¥y Ä‘Ã£ cá»‘ gáº¯ng ráº¥t nhiá»u!,2022-10-02T14:34:15Z
UgxYfeeRLNn0Sh0SCBp4AaABAg,janchxxheonczsekk,Wow Vietnam is serious the best now at staging pageants. Even better than Thailand. The stage looks great! Great opening dance. Beautiful girls and the production is seriously good!,2022-10-01T18:50:54Z
Ugx8z9c7iDMGjkQ8vSJ4AaABAg,Thu,2 pháº§n á»©g xá»­ cá»§a ThiÃªn Ã‚n quÃ¡ xuáº¥t sáº¯c, giá»g Ä‘iá»‡u to rÃµ rÃ g, phog thÃ¡i uyá»ƒn chuyá»ƒn cá»§a 1 hoa háº­u,2022-10-10T11:20:00Z
UgyfQAA9h5SLmNLGQpR4AaABAg,Celia Pháº¡m NguyÃªn Realtor â°â¹â°â¶â°â¶â°â¹â·â·,ChÆ°Æ¡ng trÃ¬nh má»›i tá»• chá»©c láº§n Ä‘áº§u á»Ÿ Viá»‡t Nam nhÆ°ng ráº¥t hay! <br>LÃºc Ä‘áº§u mÃ¬nh cÅ©ng khÃ´ng thÃ­ch chÆ°Æ¡ng trÃ¬nh  láº¯m nháº¥t lÃ  mÃ n gá»i tÃªn ráº¥t pháº£n cáº£m. <br>Tuy nhiÃªn, sau khi coi chung káº¿t thÃ¬ tháº­t sá»± áº¥n tÆ°á»£ng vÃ  cÃ¡ch lá»±a chá»n cá»§a CT. Miss Grand Viá»‡t Nam hoÃ n toÃ n xá»©ng Ä‘Ã¡ng!,2022-10-02T08:33:51Z
UgzvKK0W1PL3NL9mvMt4AaABAg,Trang Nguyá»…n Thá»‹,Má»™t cÃ¡i káº¿t khÃ´ng ai ngá» tá»›i <br>Tháº­t xá»©ng Ä‘Ã¡ng â¤,2022-10-02T03:57:11Z
UgyHpo0XekGz93FOHUt4AaABAg,Nguyá»…n Thá»‹ Mai HÆ°Æ¡ng,Hoa háº­u á»©ng xá»­ ráº¥t xá»©ng Ä‘Ã¡ng vá»›i danh hiá»‡u cá»§a cÃ´ áº¥y ğŸ‘ğŸ‘,2022-10-02T03:03:23Z
UgwG61zIgBReRFxj4al4AaABAg,Vá»ng cá»• ÄÃ¬nh Duy,ChÆ°Æ¡ng trÃ¬nh tá»• chá»©c nÄƒm Ä‘áº§u tiÃªn mÃ  ráº¥t chuyÃªn nghiá»‡p, hoÃ nh trÃ¡ng, bÃ¡m sÃ¡t format quá»‘c táº¿. Xin Ä‘á»“ng cáº£m vá»›i Ã½ kiáº¿n náº§y vÃ  thÃªm má»™t cÃ¢u ná»¯a : Nhá»¯ng cÃ´ gÃ¡i Viá»‡t Nam quÃ¡ tuyá»‡t vá»i.,2022-10-04T06:46:31Z
UgxmpTtDuKj4WseigJt4AaABAg,BÃ© Tonny_TPCT,BÃ¬nh tá»‰nh,tá»± tin,cÃ³ trÃ­ tuá»‡ nhÆ° báº¡n Ã‚N thÃ¬ xá»©ng Ä‘Ã¡ng vá»›i ngÃ´i vá»‹ cao nháº¥t,2022-10-02T18:28:55Z
UgxMgbnKIlnTBaShrV14AaABAg,Ä. Thanh,káº¿t quáº£ ráº¥t xá»©ng Ä‘Ã¡ng, ThiÃªn Ã‚n lÃ  lá»±a chá»n Ä‘Ãºng Ä‘áº¯n, sÃ¡ng nháº¥t trong top 5,2022-10-06T16:41:41Z
UgxBr8-LYvZrhXVNcTx4AaABAg,HoÃ ng Yáº¿n,ÄoÃ n ThiÃªn Ã‚n xá»©ng Ä‘Ã¡ng hoa háº­u, tráº£ lá»i á»©ng xá»­ ráº¥t ğŸ‘xuáº¥t sáº¯c. ÄÃºng lÃ  khÃ­ cháº¥t gÆ°Æ¡ng máº·t tá»a ra hÃ o Quang hoa háº­u tháº­t.,2022-10-04T15:56:17Z
UgxSohxc9cLcrsPHyD94AaABAg,Ana NgÃ´,Hoa háº­u vÃ  Ã¡ háº­u 1 tháº­t sá»± ráº¥t xá»©ng Ä‘Ã¡ng, cÃ¡ch tráº£ lá»i á»©ng xá»­ Ä‘Ãºng vÃ o trá»ng tÃ¢m. Tháº­t sá»± thuyáº¿t phá»¥c,2022-10-02T03:23:10Z
UgwfhMzSOH0Dh3gjHnt4AaABAg,VÄƒn KhÃ¡nh Phan,Viá»‡t Nam tá»± hÃ o vá» ThÃ¹y TiÃªn, máº¡nh máº½ Ä‘i tiáº¿p hÃ nh trÃ¬nh má»›i sau final walk nhÃ©.,2022-10-02T01:21:56Z
Ugzf68B2Xez8Lkl61G54AaABAg,Anniee,BÃ i phÃ¡t biá»ƒu cá»§a chá»‹ TiÃªn Ä‘Ã£ lÃ m em khÃ³c ráº¥t nhiá»u. Chá»‹ lÃ  táº¥m gÆ°Æ¡ng cho em cÅ©ng nhÆ° cÃ¡c báº¡n tráº» tÃ¬m ra lá»‘i sá»‘ng Ã½ nghÄ©a hÆ¡n. Cháº¯c sáº½ ráº¥t lÃ¢u má»›i cÃ³ 1 hoa háº­u khiáº¿n em máº¿n phá»¥c nhiá»u nhÆ° chá»‹. Cáº£m Æ¡n vÃ  yÃªu chá»‹ ráº¥t nhiá»u, Nguyá»…n ThÃºc ThÃ¹y TiÃªnâ¤ï¸,2022-10-03T07:24:06Z
UgyQIDOrgb_oH1h-UHh4AaABAg,Há»¯u Cáº£nh Vlogs,CÃ³ phong thÃ¡i Ä‘iá»m Ä‘áº¡m, tráº£ lá»i á»©ng sá»­ bÃ¬nh tÄ©nh vÃ  ráº¥t tá»‘t, cÃ³ sáº¯c nÃ©t Ä‘áº¹p, dÃ¡ng cao tá»‘t. Trong top 5 cÃ´ áº¥y xá»©ng Ä‘Ã¡ng Ä‘Äƒng quang nháº¥t rá»“iâ¤,2022-10-02T02:38:47Z
Ugz0ua6EmOpWF8UAqHx4AaABAg,VÅ© linh,TiÃªn cÃ³ mÃ n final walk quÃ¡ tuyá»‡t vá»›i. MÃ¬nh thá»±c sá»± xÃºc Ä‘á»™ng,2022-10-02T04:21:18Z
UgwK2Iao0HQtUEMuJjF4AaABAg,HÃ  Tráº§n,Cáº£m Æ¡n chÆ°Æ¡ng trÃ¬nh,áº¥m lÃ²ng nghá»‡ an,cáº£m Æ¡n ráº¥t ráº¥t nhiá»uâ¤,2022-10-02T16:25:52Z
UgxpAUQNKYPKXIxDOpF4AaABAg,Phuong Vu,ChÃºc má»«ng ThiÃªn Ã‚n ráº¥t tuyá»‡t vá»i vÃ  tháº­t xá»©ng Ä‘Ã¡ng. Coi Ä‘i coi láº¡i pháº§n tráº£ lá»i cá»§a ThiÃªn Ã‚n mÃ  ná»•i cáº£ da gÃ , quÃ¡ xuáº¥t sáº¯c, tráº£ lá»i ngáº¯n gá»n Ä‘Ãºng trá»ng tÃ¢m vÃ  thÃ´ng minh. Tháº£ tim cho em Ã‚n.,2022-10-05T13:10:27Z
Ugyj3PmaPI8CAfNHzGh4AaABAg,Winner season,Káº¿t quáº£ quÃ¡ xá»©ng Ä‘Ã¡ng . ThiÃªn Ã¢n tháº§n thÃ¡i sang trá»ng toÃ¡t lÃªn váº½ kÃªu sa ná»¯ hoÃ ng vÃ³c dÃ¡ng cÃ¢n Ä‘á»‘i gÆ°Æ¡ng máº·t quÃ¡ Ä‘áº¹p ğŸ˜³ğŸ¥°ğŸ¤©,2022-10-02T04:18:46Z
UgwXcKNAt9lKd0doUWh4AaABAg,ThszHuyen,LÃºc nÃ o xem hoa háº­u  trao vÆ°Æ¡ng niá»‡m cÅ©ng khÃ³c nhÆ° thá»ƒ mk Ä‘c lm hoa háº­u vğŸ˜† ThiÃªn An tháº­t Ä‘Ã¡ng iu vÃ  tÃ i nÄƒng vÃ´ cÃ¹ng xá»©ng Ä‘Ã¡ng, tÃ i sáº¯c váº¹n toÃ n!,2022-10-07T04:32:17Z
UgwNrgeOIAd0FHEt7lh4AaABAg,Khanh Khanh,<a href="https://www.youtube.com/watch?v=6QJXXJe9Tos&amp;t=1h50m21s">1:50:21</a> Má»i BÃ­ch PhÆ°Æ¡ng Ä‘áº¿n hÃ¡t Ä‘Ãºng lÃ  sá»± lá»±a chá»n Ä‘Ãºng Ä‘áº¯n! ğŸ˜†ğŸ˜†,2022-10-09T06:30:47Z
UgxiANToDLuu3I9i5vB4AaABAg,Times Teens In,Miss Grand nÄƒm nay hay quÃ¡ ráº¥t chÃ¡y luÃ´n , bÃ¢y giá» Ä‘Ã£ Ä‘áº¡t Ä‘Æ°á»£c 2.3M lÆ°á»£t xem rá»“i lÆ°á»£t xem quÃ¡ Ä‘á»‰nh tá»« hÃ´m qua Ä‘áº¿n giá» tá»« YouTube Facebook Tik Tok luÃ´n â¤ï¸ğŸ‡»ğŸ‡³,2022-10-02T03:21:36Z
Ugwuk0rRnaD-svv_Nq14AaABAg,NgÃ¢n NgÃ¢n NgÃ¢n NgÃ¢n,ThiÃªn Ã‚n giá»i quÃ¡, tráº£ lá»i á»©ng xá»­ nghe hay tháº­t sá»±. chÃºc má»«ng tÃ¢n hoa háº­u nhÃ©, chá»‹ ráº¥t xá»©ng Ä‘Ã¡ng,2022-10-05T13:42:01Z
UgzPJuS2Ffbk-z11AOh4AaABAg,Kevin Tran,ChÃºc má»«ng ThÃ¹y TiÃªn, báº¡n cÃ³ khuÃ´n máº·t cá»±c ká»³ phÃºc háº­u, báº¡n xá»©ng Ä‘Ã¡ng Ä‘á»©ng Ä‘áº§u trong cÃ¡c báº¡n khÃ¡c trong cuá»™c thi Ä‘Ãªm nay.,2022-10-03T10:50:52Z
Ugyru-UaKDyY02AxxRZ4AaABAg,dai chanh,QuÃ¡ xuáº¥t sáº¯c cho tháº§n thÃ¡i cá»§a má»™t TÃ¢n Hoa Háº­u,2022-10-02T01:30:23Z
Ugw3z-uV7eZ3Ib1TIG94AaABAg,Mai ÄÃ o,Ráº¥t sá»©ng Ä‘Ã¡ng<br> chÃºc má»«ng Miss Grand  Viá»‡t Nam 2022â¤,2022-10-02T04:03:28Z
UgzLrXCn1ngtuNttnp54AaABAg,van trung,yÃªu thiÃªn Ã¢n. khuÃ´n máº·t phÃºc háº­u. mÃª má»—i cÃ´ áº¥y. nÃ©t Ä‘áº¹p ngÃ¢y trong sÃ¡ng. bÃ  kim dung cÃ³ máº¯t nhÃ¬n ngÆ°á»i. giÃ¡ nhÆ° chÃ¢n cÃ´ áº¥y thon láº¡i. Ä‘Ãºng lÃ  hoÃ n háº£o,2022-10-08T00:49:49Z
UgxWAc5RASNHWbvSXS14AaABAg,Thá»‹ Anh Tuáº¥n Nguyá»…n,KhÃ´ng ai xá»©ng tÃªn hay nhÆ° Nguyá»…n ThÃºc ThÃ¹y TiÃªn . VÃ¬ ThÃ¹y TiÃªn  Ä‘Ã£ xá»©ng tÃªn vá»›i ná»—i lÃ²ng , cáº£m xÃºc , niá»m tá»± hÃ o DÃ¢n tá»™c vÃ  thá»ƒ hiá»‡n cáº£ sá»©c máº¡nh ná»™i lá»±c  cá»§a mÃ¬nh .,2022-10-26T02:32:56Z
Ugz3e4fj7EE-W5ulYBZ4AaABAg,CLIFFORD DANG,Very happy with the winner, she is absolutely stunning !!!,2022-10-02T04:42:44Z
UgwkT3ebxuAnfj6AVi94AaABAg,Nguyá»‡t Nguyá»‡t,TiÃªn MÃ£i LÃ  Niá»m Tá»± hÃ o Cá»§a Viá»‡t Nam ğŸ‡»ğŸ‡³Nghe Nhá»¯ng Lá»i Chia Sáº» Cá»§a Chá»‹ MÃ  TÃ´i ÄÃ£ KhÃ³c CÅ©ng Kb VÃ¬ Sao Ná»¯a NhÆ°ng Tui Cáº£m Tháº¥y Ráº¥t ThÆ°Æ¡ng Chá»‹ğŸ˜¢,2022-10-02T02:57:06Z
UgzthctSJcV7HHHi7VJ4AaABAg,Le Angels,NÄƒm nay ÄÃ´ng Nhi comeback dá»¯ dá»™i, trÃ¬nh bÃ y cho MUVN rá»“i giá» MGVN luÃ´n. ChÃºc má»«ng tÃ¢n HH. Em áº¥y vá»«a tráº£ lá»i xong lÃ  Ä‘Ã£ tháº¥y BGK gáº­t Ä‘áº§u vÃ  ok liá»n. Trong top 5, ThiÃªn Ã‚n tráº£ lá»i bÃ¬nh tÄ©nh vÃ  Ä‘Ãºng trá»ng tÃ¢m.,2022-10-04T15:22:48Z
UgynW1obWci3WQ1cRoJ4AaABAg,Patrick Huynh,Trong suá»‘t quÃ¡ trÃ¬nh cuá»™c thi CNQChÃ¢u vá»›i sá»± thÃ´ng tháº¡o tiáº¿ng Anh &amp; sá»± tÃ¬nh táº¿ trong cÃ¡c pháº§n tráº£ lá»i á»©ng xá»­ cá»§a mÃ¬nh thÃ¬ cÃ´ lÃ  má»™t trong nhá»¯ng á»©ng viÃªn hÃ ng Ä‘áº§u cho danh hiá»‡u cao quÃ½ nÃ y . Danh vá»‹ Ã¡ háº­u lÃ  má»™t thÃ nh tÃ­ch ráº¥t xá»©ng Ä‘Ã¡ng cho nhá»¯ng ná»— lá»±c ko ngá»«ng ngÄ© cá»§a cÃ´  - Xin chÃºc má»«ng ! Cuá»™c thi Ä‘Ã£ ráº¥t thÃ nh cÃ´ng khi Ä‘Ã£ chá»n ra Ä‘Æ°á»£c má»™t tÃ¢n hoa háº­u ÄTÃ‚n tÃ i sáº¯c váº¹n toÃ n Ä‘á»ƒ cÃ³ thá»ƒ thay máº·t cho nhan sáº¯c VN tá»a sÃ¡ng trÃªn Ä‘áº¥u trÆ°á»ng quá»‘c táº¿ âœŒï¸!,2022-10-01T20:32:49Z
UgwPGMeity1UYd1OXqR4AaABAg,Khuyen Bich,Nghe quá»³nh mai vÃ  thuá»³ tiÃªn phÃ¡t biá»ƒu mÃ  mÃ¬nh Ä‘Ã£ khÃ³c, tháº­t sá»± cháº¡m Ä‘áº¿n â¤trÃ¡i tim,2022-10-02T00:24:43Z
UgzQtDjoovWeDvq25fV4AaABAg,jessical Hieu Kien,XÃºc Ä‘á»™ng khi nghe thuá»³ tiÃªn chia sáº» ráº¥t inspire vÃ  ráº¥t tháº­t â¤,2022-10-02T06:40:30Z
UgxKgJeZubveNRxowyx4AaABAg,Anh nguyá»…n,Dá»‹u dÃ ng, khuÃ´n máº·t nhÃ¢n háº­u, á»©ng xá»­ tá»‘t xá»©ng Ä‘Ã¡ng,2022-10-02T07:47:26Z
UgxNbjFr5eazLvi4pDt4AaABAg,Thanh Nguyá»…n Há»“ng,QuÃ¡ xuáº¥t sáº¯c cho cuá»™c thi hoa háº­u dáº§y thÃ nh cÃ´ng , Ä‘Ãªm qua gáº§n 200k ngÃ n ngÆ°á»i xem trá»±c tiáº¿p mÃ  k rá»i dc máº¯t,káº¿t quáº£ Ä‘áº§y ngoáº¡i má»¥c vÃ  xá»©ng Ä‘Ã¡ng â¤,2022-10-02T03:05:56Z
Ugw_ikHM2kTzK1nDXdp4AaABAg,Thi Binh Nguyen,ThiÃªn Ã‚n vÃ´ gÃ¡i Long An xinh Ä‘áº¹p , dÃ¡ng vÃ³c chuáº©n cÃ¹ng cÃ¢u tráº£ lá»i á»©ng xá»­ vÃ²ng tá»‘p 10 vÃ²ng báº¯t thÄƒm ráº¥t thá»±c táº¿ Ä‘Ã£ vÃ  Ä‘ang váº«n tá»“n táº¡i trong cuá»™c sá»‘ng Ä‘á»i thÆ°á»ng hÃ ng ngÃ y ğŸ‘ŒğŸ‘ŒğŸ‘ğŸ‘ğŸ‘ğŸ‘<br>ThiÃªn Ã‚n ráº¥t xá»©ng Ä‘Ã¡ng vá»›i danh hiá»‡u Hoa Háº­u HÃ²a BÃ¬nh Viá»‡t Nam 2022 <br>ğŸŒ¹ğŸŒ¹ğŸŒ¹ğŸŒ¹ğŸŒ¹ğŸŒ¹ğŸŒ¹ğŸŒ¹ğŸŒ¹ğŸŒ¹ğŸ’‹ğŸ’‹â¤â¤,2022-10-01T23:42:09Z
Ugx4b5bqen3C4Zz3BQF4AaABAg,Thuy Vu,Hoa háº­u lÃ  cÃ´ gÃ¡i xinh Ä‘áº¹p &amp; báº£n lÄ©nh, hy vá»ng cÃ´ áº¥y sáº½ mang vinh quang vá» cho VN,2022-10-02T12:24:59Z
Ugw-AFX2j7i3wyfgLqF4AaABAg,Há»“ Thu,QuÃ¡ tuyá»‡t vá»i. Hoa háº­u quÃ¡ Ä‘áº¹p.  Thanh XuÃ¢n ráº¡ng ngá»i, kháº£ Ã¡i, phÃºc háº­u. Äáº¹p xuáº¥t sáº¯c!,2022-10-04T03:57:57Z
Ugw1G02cbBx5SY7T0K54AaABAg,Kim RePi (PinK),TÃ¢n hoa háº­u tráº£ lá»i á»©ng xá»­ Ä‘á»‰nh quÃ¡, triá»‡u like!!!,2022-10-02T02:11:38Z
UgzN9AHpyW9RYNNGYV14AaABAg,AVOCA YUMMY,â€œTiÃªn chÆ°a tá»«ng cÃ³ sÃ¢n kháº¥u chung káº¿t á»Ÿ quÃª hÆ°Æ¡ng mÃ¬nh nhÆ°ng láº¡i cÃ³ Ä‘áº¿n 2 final walkâ€â€¦ TÃ´i biáº¿t TiÃªn sáº½ khÃ³c nhiá»u láº¯m, biáº¿t trÆ°á»›c nhÆ°ng tÃ´i láº¡i báº¥t ngá» khi cÃ´ áº¥y nháº¯c Ä‘áº¿n sinh nháº­t cá»§a mÃ¬nh, cÃ³ ai sinh ra trong nghá»‹ch cáº£nh má»›i tháº¥u hiá»ƒu Ä‘Æ°á»£c mÃ¬nh cáº§n pháº£i ná»— lá»±c gáº¥p Ä‘Ã´i ngÆ°á»i ta, 200% thay vÃ¬ 100%, tÃ´i tháº¥y cÃ´ áº¥y Ä‘Ã£ ná»— lá»±c ráº¥t nhiá»u vÃ¬ sá»©c náº·ng cá»§a chiáº¿c vÆ°Æ¡ng miá»‡ng mÃ  Ã´ng Nawat trao. NgÃ y há»p fan tÃ´i chá»‰ xem Ä‘Æ°á»£c Ä‘oáº¡n ngáº¯n trÃªn tiktok vÃ¬ ko cÃ³ cÆ¡ há»™i Ä‘áº¿n Ä‘Ã³. NhÆ°ng TiÃªn Ä‘Ã£ tráº£ lá»i khi nghe fan há»i vá» Ä‘Ãªm final cá»§a TiÃªn, cÃ´ áº¥y nÃ³i ráº±ng QuÃ¡ Báº­n nÃªn cÅ©ng chÆ°a nghÄ© tá»›i ná»¯a, nhÆ°ng tÃ´i biáº¿t cháº¯c TiÃªn sáº½ khÃ³c vÃ¬ tháº¥m má»‡t trong hÃ nh trÃ¬nh nÃ y rá»“i. Má»™t cÃ´ gÃ¡i nhá» bÃ© Ä‘Ã£ tháº­t sá»± cá»‘ gáº¯ng Ä‘áº¿n phÃºt cuá»‘i, mÃ£i Ä‘áº¿n ngÃ y trao láº¡i vÆ°Æ¡ng miá»‡n má»›i hoÃ n toÃ n vá»¡ oÃ  nhÆ° dá»“n nÃ©n 9 thÃ¡ng qua.  ÄÃªm nay Ä‘Ã£ cÃ³ hoa háº­u má»›i, TiÃªn váº«n lÃ  ngÃ´i sao sÃ¡ng nháº¥t trong lÃ²ng cá»§a tÃ´iâ€¦ gá»­i anh ThÃºc Tiáº¿n Viá»‡t Nammmmmmmmm!,2022-10-01T19:09:53Z
UgzISry0qjbTf8BxpGJ4AaABAg,HÃ  ThÃ¡i,Khi nghe TiÃªn nÃ³i mÃ  mÃ¬nh khÃ³c ngháº¹n , cáº£m Æ¡n e lÃ m ráº¡ng danh Ä‘áº¥t nc VN,2022-10-02T05:43:10Z
UgwaJ_a_gWWP6dx2b0l4AaABAg,VÅ© Duy Anh,pháº§n final walk vÃ  speech cá»§a thuá»³ tiÃªn tháº­t sá»± cáº£m Ä‘á»™ng,2022-10-02T08:58:51Z
Ugy3QO_SPPFeKpu62zZ4AaABAg,à¸à¸µà¸™à¸¹à¸™,2.3M views OMG!!!! Go Miss Grand Vietnam,2022-10-02T02:46:47Z
UgxE1OlFYEkDKIyPHlx4AaABAg,Minh Tu,Tui coi  mÃ  á»©a lá»‡ 2 láº§n trong chÆ°Æ¡ng trÃ¬nh  nÃ y ,Ä‘Ã³ lÃ  thÃ¹y tiÃªn vÃ  Mai NgÃ´. Mai NgÃ´  thuyáº¿t trÃ¬nh  top  10 quÃ¡  thá»±c táº¿ vÃ  cáº£m Ä‘á»™ng .!,2022-10-04T15:59:09Z
UgzFpSpwZBU2AA-5g_h4AaABAg,Thá»§y Nguyá»…n,KhÃ´ng khÃ­ cá»§a Miss grand Ä‘Ãºng tuyá»‡t vá»i,2022-10-02T04:06:27Z
UgxNQFKO3K0Z5PuEd0V4AaABAg,Giang Do,Trong máº¥y cuá»™c thi hoa háº­u táº¡i VN ... tui chá»‰ tháº¥y cuá»™c thi nÃ y lÃ  tá»• chá»©c chuyÃªn nghiá»‡p nháº¥t , sÃ¢n kháº¥u hoÃ nh trÃ¡ng , chÆ°Æ¡ng trÃ¬nh dc lÃªn ká»‹ch báº£n hay , quan trá»ng lÃ  khÃ¢u tá»• chá»©c Ä‘á»ƒ Ä‘Æ°á»ng dÃ¢y chÆ°Æ¡ng trÃ¬nh cháº¡y tá»‘t , ko bá»‹ khá»±ng vÃ  sÆ°á»£ng nhÆ° máº¥y cuá»™c thi khÃ¡c .... vÃ  Ä‘iá»u mÃ  cÃ¡c cuá»™c thi khÃ¡c pháº£i há»c há»i lÃ  pháº£i luÃ´n cÃ³ 1 ngÆ°á»i hÆ°á»›ng dáº©n táº¥t cáº£ cÃ¡c thÃ­ sinh , khÃ¡ch má»i 1 cÃ¡ch nhanh chÃ³ng vÃ  chuyÃªn nghiá»‡p ... chÆ°a nÃ³i Ä‘áº¿n ai xá»©ng Ä‘Ã¡ng vÃ  chÆ°a xá»©ng Ä‘Ã¡ng , nhÆ°ng SEN VÃ€NG Ä‘áº£ lÃ m ráº¥t tá»‘t 1 Ä‘Ãªm chung káº¿t quÃ¡ xuáº¥t sáº¯c 10Ä‘ !,2022-10-02T10:07:22Z
Ugwm-8YYachAgp_jkn54AaABAg,phÆ°á»£ng nguyá»…n,Nghe thÃ¹y tiÃªn nÃ³i mÃ  mÃ¬nh khÃ³c quÃ¡ trá»i luÃ´n, giá»i giang, xinh Ä‘áº¹p...,2022-10-02T07:44:56Z
UgxMI5FGun1HcmQwEyV4AaABAg,KaMi House's,LÃºc ThiÃªn Ã‚n trÃ¬nh diá»…n tp dáº¡ há»™i báº¡n áº¥y toÃ¡t lÃªn váº» Ä‘áº¹p ráº¡ng rá»¡, gÆ°Æ¡ng máº·t sÃ¡ng sÃ¢n kháº¥u vÃ  diá»…n Ä‘á»§ Ä‘á»ƒ mn xem.,2022-10-05T03:04:28Z
UgyS7AVpTAjsN1jXIe54AaABAg,Tráº§n Anh,ThiÃªn Ã‚n thi quá»‘c táº¿ máº·c bao TÃ¢y sÃ¡ng sÃ¢n kháº¥u, Ä‘áº¹p tháº§n thÃ¡i, diá»…n Ä‘áº¡t hay truyá»n cáº£m há»©ng, Cháº¥t giá»ng ngoáº¡i ngá»¯ tá»‘t. chá»‰ lÃ  chÆ°a cÃ³ nhiá»u thá»i gian rÃ¨n luyá»‡n cÃ²n láº¡i tá»‘ cháº¥t hoa háº­u á»Ÿ ThiÃªn Ã‚n cÃ³ háº¿t. Mong em sáº½ má»™t láº§n ná»¯a mang vÆ°Æ¡ng miá»‡n cho VN,2022-10-23T15:46:13Z
UgxbZ1c71ttc2kwgrfV4AaABAg,dolphin,Hoa háº­u á»©ng xá»­ hay quÃ¡, tráº£ lá»i gÃ£y gá»n, ráº¥t thÃ´ng minh vÃ  sáº¯c bÃ©n!,2022-10-02T01:05:17Z
UgzW92Ka6yPpoYUgRoZ4AaABAg,Huynh Vo,Xem láº¡i má»›i tháº¥y TÃ‚ tháº­t sá»± xuáº¥t sáº¯c, hÃ o quang rÃµ rÃ ng tá»a ra má»i lÃºc má»i nÆ¡i,2022-10-04T13:47:08Z
UgzbraO4egUKsNkB1lh4AaABAg,Thi Trang Tri Le,Tuy cÃ¡c pháº§n trÃ¬nh diá»…n cá»§a báº¡n áº¥y khÃ´ng quÃ¡ suáº¥t sáº¯c nhÆ°ng pháº£i thá»«a nháº­n gÆ°Æ¡ng máº·c báº¡n áº¥y thanh thoÃ¡t  kháº£ Ã¡i, dá»‹u dÃ ng xinh Ä‘áº¹p vÃ  Ä‘áº·c biá»‡t thÃ´ng minh tráº£ lá»i cÃ¢u há»i ráº¥t hay. Báº¡n áº¥y xá»©ng Ä‘Ã¡ngğŸ˜˜,2022-10-03T04:22:52Z
UgyL3W6AbWujsoEbnK94AaABAg, Nguyá»…n Anh,KhÃ³c khi nghe TiÃªn nÃ³i vÃ  Ä‘i final walk. Chá»‹ tuyá»‡t vá»i láº¯m,2022-10-02T02:04:59Z
Ugxh8YwxuSc0v9KKLnl4AaABAg,Hong Jin Young Vietnam,MÃª Ä‘oáº¡n opening dance quÃ¡ ^^ Máº¯t chá»‰ nhÃ¬n má»—i Queen TiÃªn huhu quÃ¡ Ä‘Ã£aaaaaaa, Æ°á»›c gÃ¬ cÃ³ fancam cá»§a ThÃ¹y TiÃªn ğŸ˜˜ğŸ˜˜,2022-10-02T02:46:50Z
Ugyr-OYHFLzGorb4WFp4AaABAg,Bao Quoc,Tá»± hÃ o quÃ¡ cÃ´ gÃ¡i Long An quÃª hÆ°Æ¡ng tÃ´i,2022-10-02T05:13:52Z
UgyMpeCXgTim0g4gEYR4AaABAg,Táº¥m Tráº§n BLog,Hoa hÃ¢u  ..hÃ²a bÃ¬nh  ..ráº¥t xá»©ng Ä‘Ã¡ng  .khuÃ´n máº·t hiá»n háº­u vÃ  tá»«ng cá»­ chá»‰ tháº¿ hiá»‡n ráº¥t áº¥m Ã¡p..tráº£ lá»i tháº§n ThÃ¡i. thÃ´ng minh..á»§ng há»™  hh,2022-10-04T07:12:12Z
Ugwts-hM5TkqOaj8aIB4AaABAg,KhÃ¡nh Linh Pháº¡m,TÃ´i tháº¥y Ã‚n lÃ m tÃ¢n hoa háº­u hÃ²a bÃ¬nh Viá»‡t Nam Ä‘Ãºng Ã­ tÃ´i luÃ´n cÃ´ gÃ¡i áº¥y ráº¥t xá»©ng Ä‘Ã¡ng vá»›i danh hiá»‡u nÃ y,2022-10-03T04:27:32Z
Ugyxmtxk0K2Cn5enypR4AaABAg,Thuá»³ 24,Thuá»³ TiÃªnâ¤ï¸ Hoa háº­u nÃ ng háº­u bÃ¡ chá»§ cá»§a vn ğŸ˜˜,2022-10-22T07:32:59Z
UgwdL2o0msLTtihBFYR4AaABAg,ThiÃªn Báº£o Phan,thik pháº§n thi thuyáº¿t trÃ¬nh cá»§a Mai NgÃ´ trong trang phá»¥c Ã¡o dÃ i tráº¯ng ghÃª luÃ´n, nghe ráº¥t hay, Ã½ nghÄ©a vÃ  tháº¥m...<br>rá»›t nÆ°á»›c máº¯t vá»›i nhá»¯ng cáº£m xÃºc cá»§a Thuá»³ TiÃªn, thÆ°Æ¡ng e tháº­t nhiá»u, cÃ´ hoa háº­u bÃ© nhá» cá»§a VN,2022-10-02T13:56:51Z
UgzkjtfYBwgFhGuI3Nx4AaABAg,Thu NgÃ´,Káº¿t quáº£ ráº¥t xá»©ng Ä‘Ã¡ng!,2022-10-02T07:40:16Z
UgwIWLj3ZTcKvHUfi9x4AaABAg,vy tráº§n,Hoa Hau xinh qua â¤ï¸ Do your best and shine the way you&#39;re at Miss Grand International â¤ï¸â¤ï¸â¤ï¸,2022-10-03T13:51:51Z
Ugx0l4rMOg4s4RcdCcd4AaABAg,PhÆ°Æ¡ng vui váº» vlog,Ã‚n ráº¥t xá»©ng Ä‘Ã¡ng lÃ m hoa háº­u â¤ğŸ‰ğŸ‰,2022-10-02T07:23:03Z
Ugx7MkXcj9GFT2Au1-x4AaABAg,HoÃ ng Yáº¿n Linh,TÃ´i Ä‘Ã£ khÃ³c khi ÄoÃ n thiÃªn Ã‚n chia sáº½ nhá»¯ng lá»i nÃ³i tá»« trÃ¡i tÃ¬m cÃ´ áº¥y vÃ  Ä‘Ã£ cháº¡m tá»›i trÃ¡i tim tÃ´i.I love thiÃªn Ã‚n,2022-10-05T19:03:13Z
UgyS-IloN-gxkGlhiVl4AaABAg,An an â¤ï¸,Thuá»³ tiÃªn xÃºc Ä‘á»™ng quÃ¡, ráº¥t chÃ¢n tháº­t, ráº¥t tá»± hÃ o,2022-10-02T08:09:46Z
UgyU9s02n-o47GIw3kp4AaABAg,Hao Nguyen,Ã”ng Ä‘á»™i vÆ°Æ¡ng miá»‡n ngá»“i dÆ°á»›i khÃ¡n giáº£ dá»… thÆ°Æ¡ng ghÃª ğŸ˜‚â¤â¤â¤,2022-10-07T04:41:21Z
UgzEQ6adkCpgOwvUUB94AaABAg,Club Patin YOU CAN,tÃ´i tháº¥y bÃ i phÃ¡t biá»ƒu cá»§a Mai NgÃ´ quÃ¡ hay.ğŸ‰,2022-10-02T04:02:16Z
UgzaikPu6ehKqtJYO-N4AaABAg,TramAnh,Nghe ThÃ¹y TiÃªn nÃ³i mÃ  xÃºc Ä‘á»™ng quÃ¡ luÃ´n tá»± hÃ o vá» chá»‹ TiÃªn oi,2022-10-01T23:53:26Z
UgwDIJmjLItG6qIWw1l4AaABAg,VÄƒn TÃ¢m TV,Quá»³nh ChÃ¢u xinh Ä‘áº¹p, á»©ng xá»­ cÅ©ng hay. Ráº¥t thÃ­ch. Top 2 xuáº¥t sáº¯c!,2022-10-02T03:07:37Z
UgwGi1msaJcY-VS0GDF4AaABAg,YÃªn BÃ¬nh,CÃ´ áº¥y tháº­t xá»©ng Ä‘Ã¡ng!!!,2022-10-02T08:11:56Z
UgyfgKu1XAnpMGvEC6J4AaABAg,Hong Nguyen,ThiÃªn Ã¢n  thuyáº¿t trÃ¬nh thÃ´ng minh sÃ¢u sáº¯c vÃ  tháº§n thÃ¡i Ä‘ep tá»± nhiÃªn Ä‘iá»m tÄ©nh nháº¥t phÃºc háº­u duyÃªn dÃ¡ng sang trá»ng nháº¥t,2022-10-14T14:54:15Z
UgydmmJm_I40SV6Xscp4AaABAg,Tram Ngoc,ChÃºc má»«ng hoa háº­u ThiÃªn Ã‚n nha , chá»‹ ráº¥t xá»©ng Ä‘Ã¡ng luÃ´n Ã¡,2022-10-02T01:31:24Z
UgwdjmWJIjJxkKbNnMd4AaABAg,Äá»“ Gá»— Gia HÆ°ng,Hoa háº­u nÄƒm nay xá»©ng Ä‘Ã¡ng quÃ¡ ko cÃ³ gÃ¬ pháº£i chÃª,2022-10-03T14:39:11Z
Ugy_SZiLp5KyO43wFB14AaABAg,Hiá»n Cáº©m,Pháº§n thi á»©ng xá»­ cá»§a hoa háº­u xá»©ng Ä‘Ã¡ng 10 Ä‘iá»ƒm,2022-10-02T07:49:49Z
Ugz_e1nKPo72IIENj5p4AaABAg,Loc Phan,Haizzz. Giá» lÃ³t dÃ©p hÃ³ng bÃ i thuyáº¿t trÃ¬nh cá»§a TiÃªn á»Ÿ sÃ¢n kháº¥u MGI2022 muá»‘n cáº£ tháº¿ giá»›i pháº£i khÃ³c tuá»™t quáº§n nhÆ° mÃ¬nh hÃ´m nayğŸ˜…ğŸ˜…ğŸ˜…ğŸ˜…,2022-10-03T12:45:33Z
UgwaG3sfCJQ74461fkh4AaABAg,Luan Duong,Ráº¥t xá»©ng Ä‘Ã¡ng â˜ºï¸,2022-10-02T17:24:38Z
Ugz2mRri66mgx50zjoF4AaABAg,Tuan N,Äáº·c biá»‡t á»Ÿ á»©ng xá»­ cá»§a Mai NgÃ´ lÃ  khÃ´ng váº¥p láº¡i cÃ¢u nÃ³i Ä‘Ã£ nÃ³i, cháº­m rÃ£i truyá»n Ä‘áº¡t ráº¥t hay . Sá»‘ 1,2022-10-06T13:18:54Z
Ugy-BR5O6fzruYsxcml4AaABAg,Hong Hoa,Pháº§n trÃ¬nh diá»…n cá»§a MONO Ä‘Ãºng Ä‘á»‰nh. Äáº¹p xuáº¥t sáº¯c. ChÃºc má»«ng MONO,2022-10-02T02:49:11Z
UgxuyEE3ZPgg7zDmiAt4AaABAg,HuyÃªn Äá»—,Cháº¿ Nguyá»…n Quá»³nh ChÃ¢u cÃ³ phong thÃ¡i vÃ  tinh tháº§n ráº¥t Ä‘iá»m tÄ©nh vÃ  tá»± tin... Ä‘Ã¡ng ná»ƒ... ğŸ‘,2022-10-03T09:14:43Z
UgxtmGSJztjTeJpem0V4AaABAg,LÃ¢m Há»¯u NhÃ¢n,TÃ´i tháº¥y chá»‹ Hoa Háº­u nÃ y OK ... VÃ¬ pháº§n á»©ng xá»­ cÃ´ áº¥y tá»‘t . NÃ©t Ä‘áº¹p miá»n tÃ¢y Ä‘áº§y Ä‘áº·n . Ngá»t ngÃ o nhÃ¢n Ã¡i .,2022-10-05T16:27:27Z
Ugz6Yx2PlCzQQlCIBaJ4AaABAg,Hau Lam,VN mÃ¬nh giá» cÃ³ tiáº¿ng TG rá»“i lÃ  nÆ°á»›c sáº£n xuáº¥t nhiá»u hoa háº­u nháº¥t TG â¤,2022-10-03T10:07:25Z
Ugx249cnqWKRcjubQoB4AaABAg,PAYANA MEGA,Thuáº­n buá»“m xuÃ´i giÃ³ khi Ä‘áº¿n miss Grand international 2022 nha chá»‹ ğŸ˜˜,2022-10-04T03:04:12Z
Ugyoy4EVpB_Nm4Qcij14AaABAg,BÄƒng Tuyáº¿t Äáº·ng,ThiÃªn Ã¢n tráº£ lá»i á»©ng xá»­ quÃ¡ xuáº¥t sáº¯c ThiÃªn Ã¢n xá»©ng Ä‘Ã¡ng ğŸ¥°,2022-10-03T14:43:04Z
Ugw0LiBRJ1KGGN_MRN94AaABAg,Gáº¥u Heo CVC,ChÃºc má»«ng cÃ¡c báº¡n Ã háº­u vÃ  hoa háº­u cÃ³ 1 nhiá»‡m kÃ¬ tháº­t Ã½ nghÄ©a,2022-10-02T00:01:04Z
Ugysfs5n4jecLeNE_Ll4AaABAg,Vy Vy,coi Ä‘i coi láº¡i bÃ i phÃ¡t biá»ƒu cá»§a ThÃ¹y TiÃªn khÃ³c ngáº­p nhÃ  luÃ´n.,2022-10-02T04:39:59Z
Ugw-al9lN4O22p0B6XB4AaABAg,Máº«n Nguyá»…n,ThiÃªn Ã‚n tháº­t sá»± ráº¥t tuyá»‡t vá»i, Ä‘Ãºng chuáº©n vá»›i cÃ¡i nghÄ©a ThiÃªn Ã‚n cÃ³ khuÃ´n máº·t vÃ³c dÃ¡ng Ä‘á»u mang lÃªn váº» Ä‘áº¹p vÃ  sá»± há»“n nhiÃªn thuáº§n khiáº¿t cá»§a hoa háº­u HoÃ  BÃ¬nh. ChÃºc má»«ng ThiÃªn Ã‚n nhÆ°ng mÃ  cÃ³ ai tháº¥y ThiÃªn Ã‚n cÃ³ nÃ©t giá»‘ng KhÃ¡nh VÃ¢n khi trao giáº£i vá»«a vui vá»«a khÃ³c khÃ´ng áº¡,2022-10-01T18:38:24Z
UgzkgNP6qqubOeb2IiN4AaABAg,NÃ¨ Haru,Má»™t trÆ°Æ¡ng trÃ¬nh hoÃ n háº£o thÃ nh cÃ´ng tá»« cm Ä‘áº¿n trang phá»¥c.HoÃ nh trÃ¡ng vÃ  ráº¥t hay,2022-10-02T07:29:52Z
UgyUSXo3a10ATgV_wfF4AaABAg,Háº±ng Nguyá»…n,HÃ´m nay coi láº¡i tháº¥y e ÄoÃ n ThiÃªn Ã‚n tháº­t sá»± xá»©ng Ä‘Ã¡ng.... tráº£ lá»i cÃ¢u há»i 1 cÃ¡ch trÃ´i cháº£y má»™c máº¡c... yÃªu rá»“i ğŸ˜,2022-10-04T04:42:49Z
Ugx1k2BXHQkmsP1GPRN4AaABAg,Hoa Duong,Giá» ngÆ°á»i Ä‘áº¹p viá»‡t nam khÃ´ng cÃ²n lÃ  bÃ¬nh hoa di Ä‘á»™ng ná»¯a , ráº¥t chuyÃªn nghiá»‡p tÃ i nÄƒng,2022-10-07T02:58:38Z
Ugw63K-p6Of3iZUTRg94AaABAg,HÃ ng LiÃªn Äáº·ng,Khi nghe tiÃªn nÃ³i mÃ¬nh Ä‘Ã£ khÃ³c theo em,giá»i láº¯m cÃ´ gÃ¡i VN,2022-10-02T05:29:00Z
UgxJqnx1ZdZVQp8i4X54AaABAg,Tuan Vu,ÄoÃ n ThiÃªn Ã‚n xá»©ng Ä‘Ã¡ng hoa háº­u. Báº£n lÄ©nh sÃ¢n kháº¥u, á»©ng xá»­ nhanh nháº¡y chá»©ng minh cho Ä‘iá»u Ä‘Ã³. CÃ²n váº» Ä‘áº¹p thÃ¬ khÃ´ng thá»ƒ chÃª Ä‘Æ°á»£c. Tuyá»‡t vá»i!!!,2022-10-01T19:21:11Z
UgydP70_Z-7jFkm-Xmd4AaABAg,hoang hoang,ÄoÃ n thiÃªn Ã¢n... báº£n lÄ©nh ... quyáº¿t liá»‡t... xá»©ng Ä‘Ã¡ng !,2022-10-02T01:01:21Z
UgxTTmwgd3DLQnKyHY14AaABAg,Duc Nguyen,ÄoÃ n thiÃªn Ã¢n.Ä‘áº¡t danh hiá»‡u hh hb cá»§a vn lÃ  hoÃ n toÃ n xá»©ng Ä‘Ã¡ngâ¤,2022-10-03T11:02:05Z
Ugzb1uRroerdl5d9SWl4AaABAg,ÄoÃ n Quang Huy,Xem Ä‘i xem láº¡i pháº§n gá»i tÃªn tá»‘p 5 cuá»‘i cÃ¹ng cá»§a Mai NgÃ´ tháº­t sá»± xÃºc Ä‘á»™ng, Mai Ä‘Ã£ khÃ³c cho nhá»¯ng cá»‘ gáº¯ng vÃ  ná»• lá»±c cá»§a mÃ¬nh khi Ä‘Æ°á»£c nhÃ¬n nháº­n, mÃ£i yÃªu chá»‹, chÃºc chá»‹ thÃ nh cÃ´ng hÆ¡n &lt;3,2022-10-07T07:29:51Z
UgyTrN8gyhfF7M-m7G94AaABAg,Yi Tran,Hoa háº­u nhá»¯ng nÄƒm gáº§n Ä‘Ã¢y, Tiá»ƒu Vy, LÆ°Æ¡ng Thuá»³ Linh, ThiÃªn Ã‚n Ä‘á»u ráº¥t Ä‘áº¹p. QuÃ¡ lÃ  hoa háº­u â¤,2022-10-05T13:30:18Z
Ugz0nT06PKvlUh3qUGJ4AaABAg,Na Cute,Congratulation new queen ğŸ«… â¤,2022-10-02T22:18:45Z
UgwDkOkXhygNXUtcBd54AaABAg,Sam Sam,ThiÃªn Ã‚n ráº¥t xá»©ng Ä‘Ã¡ng xinh Ä‘áº¹p,trÃ­ tuá»‡, báº£n lÄ©nh,2022-10-02T00:32:07Z
UgwWExDM4FWlgIx-71J4AaABAg,Tien Tien,á»¨ng xá»­ cá»§a HH Ä‘á»‰nh quÃ©eee ğŸ‰,2022-10-02T04:45:53Z
UgybIoVHWZUzQsycHoR4AaABAg,Duc Nguyen,1 Ä‘Ãªm chung káº¿t hoa háº­u hÃ²a bÃ¬nh vn thÃ nh cÃ´ng vÃ  tá»‘t Ä‘áº¹p.,2022-10-03T05:35:00Z
UgxdKUcVcnToQYZ64594AaABAg,Táº¡ BÃ­ch Diá»‡p AnNhÆ¡n,ChÃºc má»«ng Mai NgÃ´. MÃ¬nh luÃ´n hi vá»ng 1 láº§n nÃ o Ä‘Ã³ Ä‘á»©ng á»Ÿ 1 vá»‹ trÃ­ mÃ  má»i ngÆ°á»i Ä‘á»u nghe Ä‘Æ°á»£c tiáº¿ng nÃ³i tá»« sÃ¢u trong lÃ²ng báº¡n. ChÃºc má»«ng báº¡n.,2022-10-02T01:55:41Z
UgxvY3ODFTGNSQg15rR4AaABAg,Thanh Thá»§y,TÃ´i Ä‘Ã£ rÆ¡i nÆ°á»›c máº¯t khi nghe Mai NgÃ´ thuyáº¿t trÃ¬nhğŸ˜¢,2022-10-04T16:20:37Z
UgyghUEBGWqLT4PP8Gp4AaABAg,Nhi Nhi,Coi láº¡i máº¥y ngÃ y nay ngÃ y nÃ o cÅ©ng coi,mÃª Ã‚nn â¤,2022-10-30T10:32:25Z
Ugw6ZrbXQqvYNAavWw94AaABAg,DÆ°Æ¡ng Äáº¡i,Quá»³nh mai Ä‘Ã£ thay Ä‘á»•i 1 cÃ¡ch ngoáº¡n má»¥c... Ä‘Ãºng hÃ o quang cá»§a 1 ná»¯ hoÃ ng,2022-10-02T21:57:03Z
UgyWdvnVkEraB3VcAK14AaABAg,Nguyá»…n Há»“ Báº£o Ngá»c,ThiÃªn Ã‚n khÃ¡ nháº¡y bÃ©n.. khi cÃ¢u há»i Ä‘áº·t ra Ã‚n cÃ³ cÃ¢u tráº£ lá»i ngáº¯n gá»n nhÆ°ng Ä‘Ãºng trá»ng tÃ¢m.. rá» tá»«ng chá»¯ vÃ  ná»™i lá»±c khi lÃªn giá»ng, khÃ´ng bá»‹ há»¥t hÆ¡i,2022-10-05T12:36:01Z
Ugw1FBpr0QgKDvE-vdp4AaABAg,Hanny Official,ChÃºc má»«ng tÃ¢n hh vÃ  chÃºc má»«ng tiÃªn cÃ³ má»™t nhiá»‡m kÃ¬ Ä‘áº¹p á»Ÿ vn ğŸ‡»ğŸ‡³ğŸ¥°,2022-10-02T02:24:46Z
Ugx0hb7BlH1ev9__jXR4AaABAg,Gia Ká»³,Váº«n thÃ­ch Ã Háº­u 1 vá»«a xinh Ä‘áº¹p vá»«a duyÃªn dÃ¡ng, gÆ°Æ¡ng máº·t kháº£ Ã¡i ğŸ˜,2022-10-03T06:52:55Z
Ugydx849SCGRHTJvHa54AaABAg,Ly Ngá»c,Káº¿t quáº£ xá»©ng Ä‘Ã¡ng nháº¥t mÃ¬nh tháº¥y trong cÃ¡c  cuá»™c thi hoa háº­u.má»i ng sao chá»© mÃ¬nh tháº¥y xá»©ng Ä‘Ã¡ng.thÃ¢n thiá»‡n,tá»± tin,ráº¥t lÃ  Ä‘áº¹p cáº£ khuÃ´n máº·t vÃ  hÃ¬nh thá»ƒ,vÃ  cá»±c giá»i nháº¥t lÃ  pháº§n tráº£ lá»i,cÃ¢u tráº£ lá»i hÆ¡n cáº£ mong Ä‘á»£i,nghe má»i ng chÃª mÃ¬nh xem tá»« Ä‘áº§u Ä‘áº¿n cuá»‘i thÃ¬ tháº¥y quÃ¡ thuyáº¿t phá»¥c.mong cho chá»‹ sáº½ Ä‘áº¡t káº¿t quáº£ cao trog cuá»™c thi cuá»‘c táº¿â¤,2022-10-02T10:23:14Z
UgwETR9H0KSCdcoXYr14AaABAg,LuVi Life CHANNEL ğŸŒ±ğŸ†•,cuá»™c thi xuáº¥t sáº¯c,2022-10-19T08:06:26Z
UgyYxHucXRGPV8a12Ud4AaABAg,Luan Doan,NgÆ°á»i Ä‘áº¹p nÃ o cÅ©ng xá»©ng Ä‘Ã¡ng,nhÆ°ng Hoa Háº­u thÃ¬ chá»‰ cÃ³ 1 xá»©ng Ä‘Ã¡ng â¤â¤,2022-10-02T06:04:42Z
Ugwfj3GdDmrUoWm9W6p4AaABAg,kwang lee,Káº¿t quáº£ quÃ¡ xá»©ng Ä‘Ã¡ng,2022-10-02T12:03:53Z
Ugxa1cRPQYYliP-tDlh4AaABAg,Nguyá»…n TrÆ°á»ng SÆ¡n,Xá»©ng Ä‘Ã¡ng vá»›i pháº§n tráº£ lá»i vÃ  hÃ¹ng biá»‡n tuyá»‡t vá»i,2022-10-02T09:13:26Z
UgyDgmRm2efPjUbmmDp4AaABAg,Trang Hoang,Káº¿t quáº£ xá»©ng Ä‘Ã¡ng quÃ¡ áº¡,2022-10-02T01:21:26Z
UgwUL0sDAhDHBfY5uYx4AaABAg,Äá»— T A,CÃ´ng nháº­n thiÃªn Ã¢n tráº£ lá»i cÃ¢u há»i nÃ o cÅ©ng bÃ¬nh tÄ©nh vÃ  hay ná»¯a â¤,2022-10-03T02:21:05Z
UgxdkxTKGQbds91ZqPV4AaABAg,Thich Do Day TV,TÃ´i váº«n thÃ­ch cáº£m xÃºc cá»§a Mai NgÃ´ khi vÃ´ top 5, nÃ³ Tháº­t nÃ³ cáº£m Ä‘á»™ng máº·c dÃ¹ tÃ´i Ä‘Ã¡nh giÃ¡ ThiÃªn HÆ°Æ¡ng Ä‘áº¹p hÆ¡n.ğŸ˜˜ğŸ˜˜ğŸ˜˜,2022-10-04T10:23:05Z
UgxM6W-KNcsOcs5UR2B4AaABAg,Ngá»c Anh Nguyá»…n,Hay quÃ¡ chá»‹ Ã‚n Æ¡i, cá»‘ gáº¯ng nha chá»‹ iu,2022-10-04T19:10:24Z
UgzCsWgmsan_GIlP_md4AaABAg,vy tráº§n,Final walk cua be Thuy Tien xuc dong qua. Mong la ban se tiep tuc cong hien vi cong dong, kiem that nhieu tien de lo cho ban than va gia dinh, va giu suc khoe nhe. Hoa hau Thien An dep diu dang va thong minh qua, chuc ban se manh me, tu tin, toa sang nhe. ğŸ‰,2022-10-03T18:11:10Z
UgwX2LJCJqQW9KdpM054AaABAg,Thanh Duy VLog,ngoáº¡i tui TÃ¢y Ninh nÄƒm nay cÃ³ MUV Ngá»c ChÃ¢u, ná»™i tui Long An cÃ³ MG ThiÃªn Ã‚nâ€¦ niá»m vui nhÃ¢n Ä‘Ã´i:)),2022-10-02T10:06:04Z
UgwkSh81PwRNlZOLjbV4AaABAg,Gia Ä‘Ã¬nh MÃ­t,VÃ o Ä‘Ã¢y xem chá»§ yáº¿u lÃ  xem thuá»³ tiÃªn. Báº£ nÃ³i cáº£m Ä‘á»™ng vÃ  khÃ³c cÅ©ng Ä‘áº¹p. KhÃ³c theo báº£ luÃ´n,2022-10-09T07:15:04Z
UgwtkRF-Gqx_xjK5otB4AaABAg,Na BÃ¹i,ThÃ¬ sinh ai cÅ©ng tá»± tin vÃ  nÄƒng lÆ°á»£ng lÃ  má»™t thÃ nh cÃ´ng rá»“i.Ä‘á»— thá»‹ hÃ  Ä‘Ãªm quÃ¡ diá»‡n máº¡o xuáº¥t sáº¯c,2022-10-02T00:20:42Z
Ugwx5DJXWotdufOMZjd4AaABAg,Phá»¥ng LÃ¢m,Tháº­t xá»©ng Ä‘Ã¡ng chÃºc cho tÃ¢n hoa háº­u tháº­t nhÃ¬u thÃ nh cÃ´ng nhÃ© ğŸ‘‘ğŸ‘‘ğŸ‘‘,2022-10-01T18:22:26Z
Ugxb7kRZ0ogjFLrjMod4AaABAg,Cong Tran,Trao thÃªm cho ThÃ¹y TiÃªn 3 cÃ¡i vÆ°Æ¡ng miá»‡n ná»¯a Ä‘i ... xuáº¥t sáº¯c quÃ¡ trá»i,2022-10-02T13:15:11Z
Ugzjie8OQ5TtaCOfZzB4AaABAg,Kim Thong Le,tÃ´i ko theo dÃµi vÃ o tin tá»©c tháº¥y hoa háº­u má»›i thÃ¬ tÃ´i tháº¥y Æ°ng luÃ´n.cao .vÃ³c dÃ¡ng.khuÃ´n máº·t Ä‘áº¹p.xá»©ng Ä‘Ã¡ng Ä‘i thi Ä‘áº¥u.,2022-10-02T08:38:24Z
UgxBC1LrAf7iwbDzpCB4AaABAg,Vanthanh Thanh,NhÃ¬n hoa háº­u gÆ°Æ¡ng máº·t cÃ³ duyÃªn vÃ  thiá»‡n cáº£m nhá»‰.,2022-10-02T06:42:35Z
UgxBWf7wXMbQKscz-fd4AaABAg,Tuyáº¿t CÃ´ng chÃºa,ThiÃªn Ã¢n CÃ´ gÃ¡i áº¥y xá»©ng Ä‘Ã¡ng vá»›i danh xÆ°ng mg hoa háº­u hÃ²a bÃ¬nh vÃ¬ gÆ°Æ¡ng máº·t CÃ´ áº¥y phÃºc háº­u,2022-10-02T08:53:43Z
UgzW-WXm8gXGMQyGNFx4AaABAg,Linh Don,Tiáº¿c cho ChÃ¢u tháº­t sá»± vÃ¬ mÃ¬nh á»§ng há»™ báº¡n áº¥y tá»« nhá»¯ng ngÃ y Ä‘áº§u tiÃªn, nhÆ°ng káº¿t quáº£ chung cuá»™c cÅ©ng ráº¥t há»£p lÃ½ rá»“i. ChÃºc ThiÃªn Ã‚n sáº½ Ä‘áº¡t thÃ nh tÃ­ch cao táº¡i MGI sáº¯p tá»›i,2022-10-03T01:28:35Z
UgwEFvrDmPxQWZSIvT94AaABAg,Hoa Duong,Má»—i láº§n nghe láº¡i cÃ¢u khÃ´ng pháº£i tiÃªn khÃ´ng biáº¿t má»‡t ..tháº¥y thÆ°Æ¡ng tiÃªn láº¯m , rá»›t nÆ°á»›c máº¯t luÃ´n ..má»™t cÃ´ gÃ¡i Ä‘Ã¡ng yÃªu thÃ´ng minh máº¡nh máº½ ..,2022-10-07T02:55:33Z
UgzsaHWBgjR0VokMvRB4AaABAg,TÃ¢m Nguyá»…n Thá»‹,Hai bÃ  tráº£ lá»i á»©ng xá»­ thuyáº¿t trÃ¬nh hay nháº¥t hoa háº­u vÃ  Ã¡ háº­u,ai cÅ©ngxá»©ng Ä‘Ã¡ngğŸ˜Š,2022-10-02T00:51:26Z
Ugxu8w0X2J-O1WlLC5F4AaABAg,VÃ¢n Pháº¡m Thá»‹,quÃ¡ xá»©ng Ä‘Ã¡ng hh Ä‘áº¹p vÃ  thÃ´ng minh,2022-10-05T09:06:12Z
UgxFW7h2-mghv_2x1kh4AaABAg,ThuyLinhh,Hoa háº­u xá»©ng Ä‘Ã¡ng quÃ¡ mÃ ,  tráº£ lá»i hay, tá»± tin, gÆ°Æ¡ng máº·t Ä‘áº¹p,  vÃ³c ddÃ¡ng chuan,2022-10-02T10:41:09Z
UgzsdpSLVySvMf5dFbN4AaABAg,Quach Quach,Máº·t ThiÃªn Ã‚n ráº¥t sÃ¡ng luÃ´n â¤ ráº¥t xá»©ng Ä‘Ã¡ng,2022-10-02T16:27:29Z
Ugy_olDUg4IOT6wDV4p4AaABAg,Pháº¡m HÆ°Æ¡ng,ChÃºc má»«ng ThiÃªn Ã‚n, cÃ´ áº¥y ráº¥t xá»©ng Ä‘Ã¡ng,2022-10-02T04:26:51Z
Ugxuiviusucxy8LHoKh4AaABAg,Thuá»³ 24,Thuá»³ TiÃªnâ¤ï¸ Hoa háº­u nÃ ng háº­u bÃ¡ chá»§ cá»§a vn ğŸ˜˜,2022-10-22T07:32:59Z
UgyNOGofMHB3Xsuz8Jl4AaABAg,P'tits Panda,Má»™t Ä‘Ãªm chung káº¿t quÃ¡ thÃ nh cÃ´ng,2022-10-02T03:06:32Z
Ugyw0z4dV7Mzbd7Fztl4AaABAg,hiá»n nguyá»…n,Tá»± HÃ o vá» Thuá»³ TiÃªn quÃ¡ â¤,2022-10-03T04:04:57Z
UgxH65hcvQW8IUxDSUt4AaABAg,bÃ­ch trÄƒm,Ä‘iá»m Ä‘áº¡m hiá»n lÃ nh xinh â¤,2022-10-02T10:08:55Z
UgyE61yhQR6YnJuDDzZ4AaABAg,Ly,miá»n Trung cá»‘ lÃªn â¤ï¸ mÃ  khÃºc trao báº£ng tÆ°á»£ng trÆ°ng sá»‘ tiá»n. Ä‘á»ƒ Ã½ nha. toÃ n phá»¥ ná»¯ xinh Ä‘áº¹p tÃ i giá»i.,2022-10-02T10:46:49Z
UgwPCK_IJZXODHl9LiF4AaABAg,Ngá»c Nguyá»…n,Pháº£i theo dÃµi má»›i biáº¿t ThiÃªn Ã‚n Ä‘Æ°á»£c HH lÃ  hoÃ n toÃ n xá»©ng Ä‘Ã¡ng ! LÃªn hÃ¬nh bá»‹ chá»¥p dÃ¬m quÃ¡ chÃ²y ğŸ˜…,2022-10-04T17:00:22Z
UgyLB98RaFDLNyUJMxF4AaABAg,Lua Bui,MÃ£i Ä‘á»‰nh Quáº£ng Namâ¤,2022-10-03T03:30:42Z
UgwV296GZDbQSdUlEWd4AaABAg,Hoang Tuan,Xin hÃ£y giá»¯ gÃ¬n báº£n sáº¯c vÄƒn hoÃ¡ con ngÆ°á»i Viá»‡t Nam. Äáº·c biá»‡t lÃ  phá»¥ ná»¯ Viá»‡t Nam.,2022-10-02T04:36:26Z
Ugy-XahN3HhEsz4rAM94AaABAg,TlyyyğŸ’—,Miss Grand VietNam vá»«a cÃ³ nÃ©t giá»‘ng KhÃ¡nh VÃ¢n vá»«a cÃ³ nÃ©t giá»‘ng miss universe Thailand nÄƒm 2021 ghÃª,2022-10-02T03:52:05Z
UgwZa1a76pgbmGegHiF4AaABAg,KIM THOA FAMILY,ThÆ°Æ¡ng ThÃ¹y TiÃªn quÃ¡...má»™t cÃ´ hoa háº­u luÃ´n Ä‘c MN yÃªu máº¿n,2022-10-02T06:33:22Z
UgwcsDxsDTw3Icymjrh4AaABAg,viet didong,Ban giam kháº£o+ btc há» chá»n k láº§m Ä‘Ã¢u   ráº¥t xá»©ng Ä‘Ã¡ng vÃ  thuyáº¿t phá»¥c  sau 1 ngÃ y má»i nguoi bÃ¬nh tÃ¢m láº¡i tháº¥y má»i thá»© ráº¥t chÃ­nh xÃ¡c. ChÃºc mung tÃ¢n hoa háº­u. Xung Ä‘Ã¡ng vÃ´ cÃ¹ng,2022-10-02T16:52:59Z
UgxCgr7XNKAXizEycZd4AaABAg,QuÃ¡ch Thu ChÃ¢u,Nghe ThÃ¹y TiÃªn chia sáº» mÃ  khÃ³c nhÆ° mÆ°a. QuÃ¡ hay,2022-10-02T02:36:21Z
UgxVFccDQXcHnVXfuyV4AaABAg,Teo Tran,Tui váº«n yÃªu thiÌch NguyÃªÌƒn ThÃºc ThÃ¹y TiÃªn  vÃ¬ sá»± chÃ¢Ìt phÃ¡t vÃ  hiá»n hÃ²a cuÌ‰a TiÃªn,2022-10-03T10:55:35Z
Ugy4Fc0q4CO3J6lGleV4AaABAg,LuÃ¢n Nguyá»…n,Nguyá»…n thuc thÃ¹y tiÃªn mÃ£i mÃ£i á»Ÿ trong tim tÃ´i vÃ  trong tim ngÆ°á»i hÃ¢m má»™ Viá»‡t nam...,2022-10-01T23:54:24Z
UgwWJc8jSyVNJJhHg4V4AaABAg,nguyá»…n minh,bgk cháº¥m tháº­t cÃ´ng tÃ¢m. hoa háº­u xá»©ng Ä‘Ã¡ngğŸ˜ğŸ˜ğŸ˜,2022-10-05T11:40:56Z
Ugyrnvh3vIs5a-7ybfB4AaABAg,Thu Ngá»c,Nge chá»‹ tiÃªn mÃ  khÃ³c ğŸ˜¢ vá»«a buá»“n vá»«a tá»± hÃ o vá»«a ráº¥t thÆ°Æ¡ng chá»‹ â¤,2022-10-02T00:48:44Z
UgzZxfftrFvft9GkZ8N4AaABAg,NHá»°T TRÆ¯á»œNG TV,Tháº­t tá»± hÃ o Long An,2022-10-03T02:39:50Z
UgxgkCLbxg9XQsV8Qil4AaABAg,Wipula Sophita3,I accepted their gold beauty and inner feelings.,2022-10-02T02:10:05Z
Ugy5t82bEgelWim8RQh4AaABAg,KutinPham,ThiÃªn An tráº£ lá»i xuáº¥t sáº¯c va xinh Ä‘áº¹p xá»©ng Ä‘Ã¡ng # 1 ğŸ‰â¤,2022-10-02T07:39:19Z
UgyYm-rOism6N2TM0Mp4AaABAg,Háº£i Anh Tráº§n,Láº§n Ä‘áº§u tiÃªn hoa háº­u Ä‘áº¹p vá» sáº¯c vÃ  trÃ¬nh Ä‘á»™. HÃ i lÃ²ng khÃ¡n giáº£.,2022-10-03T06:44:09Z
Ugx6MDTYbyQyS4qSFWF4AaABAg,MÃ­t Books Radio,hoa háº­u ráº¥t xá»©ng Ä‘Ã¡ng,2022-10-03T02:00:49Z
Ugyx7Bmi5DXuP19-1b14AaABAg,Thi Binh Nguyen,Thi Hoa Háº­u HÃ²a BÃ¬nh mÃ  cÃ´ Tráº§n Thá»‹ Má»¹ Ãiang phong thÃ¡i quÃ¡ khÃ­ch tá»« cÃ¡c cá»­ chá»‰ , Ä‘á»™ng tÃ¡c tay chÃ¢n Ä‘áº¿n biá»ƒu cáº£m trÃªn khuÃ´n máº·t khÃ´ng Ä‘á»ƒ Ä‘á»ng láº¡i tinh tháº§n vÃ  hÃ¬nh áº£nh 1 cÃ´ gÃ¡i toÃ¡t nÃªn váº» thÃ¢n thiá»‡n vÃ  yÃªu máº¿n ğŸ§ğŸ¥¸ğŸ˜´ğŸ˜´,2022-10-01T20:49:32Z
UgyNnDY_REQRqwmJRo14AaABAg,Ny Ny,Vietnam have a lot of beautiful women,2022-10-03T23:14:25Z
UgyHbsasXdC4LU4lRid4AaABAg,thuan nguyen,Ráº¥t xá»©ng Ä‘Ã¡ng,2022-10-02T01:07:03Z
Ugxim0BfgRrL9XFWLt54AaABAg,Luu Duong Hy,ChÃºc má»«ng ThiÃªn Ã‚n<br>MÃ¬nh cÅ©ng vui khi Tráº§n Tuyáº¿t NhÆ° Ä‘Ã£ trÆ°á»Ÿng thÃ nh hÆ¡n rá»“i ğŸ˜Š,2022-10-02T00:28:21Z
UgwgVMpRLdarwEj5Jp94AaABAg,ğšƒğš…ğš„,Tháº­t sá»± THiÃªn Ã‚n ráº¥t bÃ¹ng ná»• trong Ä‘Ãªm nay luÃ´n Ã¡. Tráº£ lá»i tá»± nhiÃªn, thá»±c táº¿ Ä‘Ãºng trá»ng Ä‘iá»ƒm. Cháº¯c e áº¥y cÅ©ng Ä‘Ã£ xin vÃ­a KhÃ¡nh VÃ¢n khi diá»‡n vÃ¡y dáº¡ há»™i áº¥y.,2022-10-02T01:07:23Z
UgwZA6TWaK9A_UftiwB4AaABAg,LÆ°Æ¡ng Ngá»c Thá»‹nh,ChÃºc má»«ng cho Hoa háº­u Long An quÃª tÃ´i â¤â¤â¤,2022-10-01T17:56:09Z
UgydMUvGb-CEZn9a24p4AaABAg,Trang Nguyen,ğŸ‰â¤ğŸ‘¸ğŸ‘¸ğŸ¥³ ChÃºc má»«ng hoa háº­u ÄoÃ n ThiÃªn Ã‚nğŸ¥°ğŸ¥°ğŸ¥°,2022-10-04T01:18:15Z
UgylJdRqaUq74DGToN14AaABAg,Thu Nguyenthi,ThiÃªn Ã¢n thá»±c sá»± ráº¥t xá»©ng Ä‘Ã¡ng. ChÃºc má»«ng em. â¤ï¸â¤ï¸,2022-10-04T09:38:39Z
Ugy2plmunN8sp5CCsbR4AaABAg,KjmHonqDeung,Ä‘Ã£ khÃ³c má»—i khi xem láº¡i bÃ© TiÃªn final walk,2022-10-02T03:55:16Z
UgzsRSL4iyx1v-f88yV4AaABAg,Duong Nguyen Thi,ThiÃªn Ã‚n quÃ¡ xá»©ng Ä‘Ã¡ng, phÃ¡t ngÃ´n quÃ¡ tuyá»‡t vá»›i,2022-10-02T01:44:57Z
UgzGmCg3ny-uNulXgvx4AaABAg,Kim Chi Nguyá»…n Thá»‹,Tá»± hÃ o Miss Grand Long An báº¡n ráº¥t xá»©ng Ä‘Ã¡ngâ¤ï¸â¤ï¸â¤ï¸,2022-10-01T17:24:56Z
UgxR1ZsdiIz_LTNc-uZ4AaABAg,Golden,Äá»ƒ Ã½ cÃ³ sá»± khÃ¡c biá»‡t 1 pháº§n lÃ m cho ThiÃªn Ã‚n ko bá»‹ láº«n vÃ o dÃ n sáº¯c Ä‘áº¹p lÃ  Ã‚n luÃ´n cá»™t tÃ³c cao trong khi cÃ¡c nÃ ng khÃ¡c Ä‘á»u xÃµa tÃ³c. Ko biáº¿t Ä‘Ã³ cÃ³ pháº£i lÃ  sá»± ngáº«u nhiÃªn hay lÃ  1 pháº§n dá»± bÃ¡o sá»± ná»•i trá»™i cá»§a ThiÃªn Ã‚n bao gá»“m cáº£ tÃ i nÄƒng, á»©ng xá»­ trong hÃ nh trÃ¬nh chinh phá»¥c vÆ°Æ¡ng miá»‡n Hoa Háº­u tháº­t xá»©ng Ä‘Ã¡ng cho ThiÃªn Ã‚n.,2022-10-14T18:19:27Z
UgxQMzWzsqsvqReypY14AaABAg,Tuyá»n BÃ­ch,QuÃ¡ xá»©ng Ä‘Ã¡ng r <br>Äá»«ng vÃ¬ thÃ­ch ng khÃ¡c mÃ  ko cÃ´ng nháº­n,2022-10-02T10:02:29Z
UgxIJqDNLTWPCdBeZnh4AaABAg,Unicorn,Isnâ€™t it creepy to have someone like Nawat to own pageant like this,2022-10-02T21:02:42Z
UgzMhuVSiMr8TWVmP_94AaABAg,NhÃ n Nguyá»…n,Káº¿t quáº£ ráº¥t thuyáº¿t phá»¥c,2022-10-28T16:47:51Z
Ugxp9k6vBsT6pP8rQRJ4AaABAg,Nhat Hung Tran,ThiÃªn Ã‚n Hoa háº­u ráº¥t xá»©ng Ä‘Ã¡ng. K cÃ³ gÃ¬ pháº£i bÃ n cáº£i luÃ´n,2022-10-02T04:42:12Z
UgzSXsQ6Hj5yEDBclh54AaABAg,Trang ÄoÃ n,Tá»« nay gÃ¡i quÃª cá»‘ gáº¯ng vÆ°Æ¡n lÃªn nhÃ©! Chá»©ng minh cho má»i ngÆ°á»i tháº¥y..,báº£n lÄ©nh gÃ¡i quÃª.HH Ä‘áº¹p váº­y mÃ  cÃ³ ngÆ°á»i chÃª chá»©ğŸ˜„,2022-10-03T02:45:42Z
Ugy6fo1c-mOUH_KhXOJ4AaABAg,Trang ÄoÃ n,Há» ÄoÃ n ráº¥t Ã­t: QuÃª Ná»™i Ngoáº¡i tÃ´i á»Ÿ Long An,tÃ´i cÅ©ng Ä‘c thÆ¡m lÃ¢yğŸ˜ƒ.Ráº¥t má»«ng cho há» ÄoÃ nğŸ’,2022-10-02T13:02:10Z
Ugw1xu33WWS1SDpSbYp4AaABAg,hÃ  an,CÃ¡c cÃ´ gÃ¡i nÃ³i ráº¥t tuyá»‡t vá»i luÃ´n. Nghe muá»‘n khÃ³c luÃ´n,2022-10-02T01:56:50Z
UgzY6bOrfUp4cIfnSxN4AaABAg,Tram Bao,Tuy mÃ¬nh thÃ­ch cháº¿ ChÃ¢u nhÆ°ng ThiÃªn Ã¢n Ä‘áº¹p mÃ  chá»i ğŸ‘ğŸ‘ quÃ¡ xá»©ng Ä‘Ã¡ng . Body ngta nhÆ° váº­y nÃ³i ko nuá»™t .LÃºc báº£ diá»…n dáº¡ há»™i cÃ¡ch calk nÃ³ thÆ°á»›t tha ,mÆ°á»£t mÃ   uyá»ƒn chuyá»ƒn  háº³n 4 ngÆ°á»i cÃ²n láº¡i  NÃ y chá»n di thi quá»‘c táº¿ máº¥y mÃ¡ Æ¡i ğŸ˜±ğŸ˜±ğŸ˜±<br>Chiá»u cao qÃ¡ Ä‘áº¡t tiÃªu chuáº©n quá»‘c táº¿ 5 ngÆ°á»i tháº¥y ThiÃªn Ã‚n ná»•i báº­t háº³n . <br>Body tuy chÆ°a sÄƒn cháº¯c nhÆ°ng sáº½ táº­p dc  vÃ²ng 3 to chuáº©n tiÃªu chÃ­ quá»‘c táº¿ . Báº£ mÃ  táº­p sau nÃ y tao nÃ³i body nhÃ¬n ko cháº£y nÆ°á»›c miáº¿ng ná»¯a thÃ´i ğŸ¤”ğŸ¤”,2022-10-02T09:34:12Z
UgxcWITjx9AuXGTyNb94AaABAg,Trangg Ming,Xem láº¡i tháº¥y xá»©ng Ä‘Ã¡ng nha . ChÃºc má»«ng tÃ¢n hoa háº­u má»›i,2022-10-02T05:04:11Z
UgyIXf2eh_LS6Qm-ePh4AaABAg,Girls Vn,ThiÃªn Ã‚n tráº£ lá»i hay, xá»©ng Ä‘Ã¡ngğŸ‰,2022-10-02T07:41:45Z
Ugzc_9W-ZEqOmTUIct14AaABAg,Tam Vu Hoang,ráº¥t xá»©ng Ä‘Ã¡ng,2022-10-02T12:24:32Z
UgxI4iXO5Fb0jjtp4IB4AaABAg,Thi Kim Thoa,Xin chuc mung cuoc thi da thanh cong tot dep  <br>Mot cuu hoa hau that xuat xac va mot tan hoa hau that tuyet voi,2022-10-06T21:34:03Z
UgwSKMrwYbw8BG9HaCV4AaABAg,Ä‘á»™c sáº§u cÃ´,Xem láº¡i thi tháº¥y báº¡n nÃ y quÃ¡ xá»©ng Ä‘Ã¡ng vs vá»‹ trÃ­ cao nháº¥t rá»“i,2022-10-02T13:58:43Z
UgzleT43q9NRnopCg7p4AaABAg,Yggiiiii Jerry,hoa háº­u ThÃ¹y TiÃªn nÃ³i ráº¥t dá»©t khoÃ¡t vÃ  truyá»n cáº£m xÃºc,2022-10-02T04:54:11Z
Ugzfv4O-8QtDgSKrILZ4AaABAg,Tam Phan,Hoa háº­u Ä‘áº¹p ğŸ‰,2022-10-03T01:56:54Z
UgwpBgDQSwywhUmBB854AaABAg,Thanh Tran,Ban tá»• chá»©c vÃ  thÃ­ sinh Ä‘Ã£ cÃ³ láº¯ng nghe sá»± gÃ³p Ã½ cá»§a má»i ngÆ°á»i vá» cÃ¡ch hÃ´ tÃªn vÃ  Ä‘Ã£ kháº¯c phá»¥c . Hoan hÃ´ vÃ  chÃºc má»«ngâ¤ğŸ‰,2022-10-01T22:29:12Z
UgyEXv_dorgmbDavK8l4AaABAg,Trinh PhÆ°Æ¡ng,Sao tháº¥y má»i ngÆ°á»i chÃª TÃ¢n HH zá»‹? CÃ¡ nhÃ¢n mÃ¬nh tháº¥y báº¡n áº¥y á»©ng xá»­ á»Ÿ top 10 vá»›i top 5 quÃ¡ xuáº¥t sáº¯c luÃ´n. CÃ¢u tráº£ lá»i á»Ÿ top 5 ráº¥t ngáº¯n gá»n, sÃºc tÃ­ch, Ä‘Ãºng trá»ng tÃ¢m. Biá»ƒu cáº£m Ä‘iá»m Ä‘áº¡m nhÆ°ng kiÃªn Ä‘á»‹nh vá»›i cÃ¡ch tráº£ lá»i cá»§a mÃ¬nh. NÃ©t Ä‘áº¹p khÃ¡ lÃ  hÃ i hÃ²a. Body cháº¯c cháº¯n. Xá»©ng Ä‘Ã¡ng mÃ  mn Æ¡iiiiiiiiii,2022-10-02T02:10:53Z
UgzbcfVc88ab0GD9g6R4AaABAg,Khanh Khanh,Cuá»™c thi nÃ y nÃªn cÃ³ phiÃªn dá»‹ch Tiáº¿ng Anh,2022-10-09T06:12:30Z
UgwwO1u1LXCB-a5sBCx4AaABAg,Han Phung,lá»±a chá»n ÄoÃ n ThiÃªn Ã‚n thÃ nh hoa háº­u chÃ­nh lÃ  má»™t quyáº¿t Ä‘á»‹nh Ä‘Ãºng Ä‘áº¯n nháº¥t cá»§a BGK, vÃ¬ ngay tá»« cÃ¡c vÃ²ng Ä‘áº§u tiÃªn tháº§n thÃ¡i, kháº£ nÄƒng cÃ¹ng vá»›i Ã¡nh hÃ o quang tá»« cÃ´ nÃ y Ä‘Ã£ láº¥n Ã¡t táº¥t cáº£ cÃ¡c cÃ´ gÃ¡i khÃ¡c rá»“i.,2022-10-06T06:59:44Z
UgwBHW42FGnbPUozepF4AaABAg,PhÆ°á»£ng Nguyá»…n,Nguyá»…n thÃºc ThÃ¹y TiÃªn . KhÃ´ng thá»ƒ nÃ³i gÃ¬ khÃ¡c 2 tá»«  tuyá»‡t vá»i . YÃªu cÃ´ hoa háº­u nÃ y . Ráº¥t sá»©ng Ä‘Ã¡ng .,2022-10-03T19:24:17Z
UgxwSrTRTp8jLGZiqFV4AaABAg,Tráº§n Nháº­t Linh,Cho em xin tÃªn nháº¡c lÃºc Thuá»³ TiÃªn Ä‘i final walk vá»›i áº¡ <a href="https://www.youtube.com/watch?v=6QJXXJe9Tos&amp;t=3h47m52s">3:47:52</a>,2022-10-02T04:25:20Z
Ugx5YzmeQliArX9QOvJ4AaABAg,Nguyen Nhu Y,Trong 5 ng k ai xá»©ng Ä‘Ã¡ng báº±ng TA e áº¥y qÃ¡ xuáº¥t sáº¯c trong táº¥t cáº£ pháº§n thi,2022-10-07T17:19:09Z
Ugxk7CsPlgKMOSR51g14AaABAg,Ä‘á»— khÃ´i,Mono live hay ghÃª â¤,2022-10-02T00:26:21Z
UgzWKZvTfbbaE-XNKY14AaABAg,thuan nguyen,Gá»Ÿi cÃ¡c báº¡n fan cho dÃ¹ thÃ­ch hay khÃ´ng thÃ­ch hÃ£y á»§ng há»™ cÃ´ gÃ¡i áº¥y háº¿t mÃ¬nh cho cháº·ng Ä‘Æ°á»ng sáº¯p tá»›i,2022-10-02T01:19:33Z
Ugxyxxq_HsVQ6v59oXB4AaABAg,Sang Qy,Ráº¥t thuyáº¿t phá»¥c pháº§n á»©ng xá»­ cá»§a Ä‘oÃ n ThiÃªn Ã¢n ngan gon lÆ°u loÃ¡t thÃ´ng minh em Ä‘áº¡t danh hiá»‡u Hoa háº­u ráº¥t xá»©ng Ä‘Ã¡ng nhÃ¬n em khÃ¡ giá»‘ng hoa háº­u Nguyá»…n Tráº§n KhÃ¡nh VÃ¢n chÃºc em thÃ nh cÃ´ng trÃªn con Ä‘Æ°á»ng phÃ­a trÆ°á»›c nhÃ©,2022-10-02T02:09:02Z
UgwAwcZOxALWQ71xq4R4AaABAg,Kim DuyÃªn hÃ ng nháº­t,ÄoÃ n thiÃªn Ã¢n lÃ  hoa háº­u quÃ¡ chuáº©n rá»“i,sÃ¡ng rá»±c sÃ¢n kháº¥u giá»ng vang hay,2022-10-04T08:29:28Z
Ugw0PvLa-TFMVKohWIV4AaABAg,Rohim Rohman,Meriah banget ia nggak seperti Miss grand Indonesia tahun dlu yg dimenangi oleh Ariska Putri Pertiwi ? ğŸ™,2022-10-03T19:19:47Z
UgxbIrdwKjJZswATJVd4AaABAg,Ken TaLo,ThiÃªn Ã‚n quÃ¡ Xá»©ng ÄÃ¡ng ğŸ‘‘ğŸ‘‘ğŸ‘‘ğŸ‘‘ğŸ‘‘,2022-10-02T00:29:50Z
Ugw9garC5FNRqLw8mAF4AaABAg,Qr Oanh,Quá»³nh Mai trÆ°á»Ÿng thÃ nh tháº­t sá»± cÃ´ bÃ© thuyáº¿t trÃ¬nh quÃ¡ hay,2022-10-02T06:15:38Z
UgwAmqaNIRpTSvHseUp4AaABAg,khoáº£ng trá»i riÃªng,Chuyá»‡n TÃ¢m linh cÃ³ tháº­t nha lÃºc cáº§m tay nhau trong top 2 ai Ä‘á»ƒ ngÃ³n cÃ¡i á»Ÿ trÃªn tay ngÆ°á»i cÃ²n láº¡i lÃ  win nha â¤<br>ChÃºc má»«ng ThiÃªn Ã‚n <br>Tui chá»‰ á»§ng há»™ ThiÃªn HÆ°Æ¡ng vÃ  ThiÃªn Ã‚n trong 2 vá»‹ trÃ­ cao nháº¥t,2022-10-02T03:01:58Z
UgyWJG77AXs5hwO3hf54AaABAg,Nguyá»…n Ngá»c báº£y,cÃ³ ai xem thÃ¹y tiÃªn phÃ¡t biá»ƒu mÃ  khÃ³c nhÆ° mÃ¬nh ko áº¡,2022-10-02T22:48:59Z
UgyPeAE-jHHcMYnMzb14AaABAg,HÃ²a ThÃ´ng,2 pháº§n á»©ng xá»­ quÃ¡ hay luÃ´n mÃ .cÅ©ng chÃºc má»«ng chá»‹ mai ngÃ´.,2022-10-02T03:47:40Z
UgzN4d89owwMeR3i3VZ4AaABAg,deion le,love miss viet nam from garden grove california,2022-10-09T21:57:34Z
UgxYFS2d25mL3aTRVi94AaABAg,THAO XUAN,&quot;giÃ¡m kháº£o Ä‘áº·t cÃ¢u há»i cho Ã‚n Ä‘Ã³ chÃ­nh lÃ  chá»‹ HÃ  Kiá»u Anh áº¡!&quot;, cÆ°á»i nháº¹. Chá»— nÃ y báº¡n Ã‚n cÃ³ biá»ƒu cáº£m chÃ¢n tháº­t, gáº§n gÅ©i tháº­t áº¥y chá»©. Pháº§n tráº£ lá»i á»©ng xá»­ thuyáº¿t phá»¥c ná»¯a. Báº¡n nÃ y Ä‘áº¡t giáº£i lÃ  Ä‘Ãºng rá»“i!!! ğŸ‘,2022-10-02T02:31:35Z
UgwCPKnF3PGS33dZ-zB4AaABAg,Hana Kim,Ãˆo Æ°i biáº¿t chá»‹ ChÃ¢u tá»« khi thi VNTM rá»“i giá» má»›i biáº¿t chá»‹ thi Miss Grand. HÆ¡i trá»… tÃ­ nhÆ°ng mÃ  váº«n á»§ng há»™ chá»‹,2022-10-02T07:10:43Z
Ugx_ohYxwd8Bw_5GXnR4AaABAg,Nguyá»…n Tháº£o,Káº¿t quáº£ xá»©ng Ä‘Ã¡ng<br>ThiÃªn Ã‚n tráº£ lá»i á»©ng xá»­ hay nÃ¨..face chuáº©nğŸ§¡,2022-10-02T03:34:11Z
Ugxgkq-G5AWm_n4wbpV4AaABAg,Sexy Boys,ChÃºc má»«ng tÃ¢n hoa háº­u. Ráº¥t xá»©ng Ä‘Ã¡ngâ¤ï¸â¤ï¸â¤ï¸,2022-10-01T17:44:56Z
UgzlWxAGQk7VrfbhZ3B4AaABAg,ToÃ n,Mono hÃ¡t live hay quÃ¡,2022-10-02T03:11:31Z
UgzzBUN5IPP_g16cGlp4AaABAg,Nhi Nguyá»…n,ChÃºc má»«ng ThiÃªn Ã‚n â¤ğŸ‰,2022-10-02T07:22:08Z
Ugwn4WRglEBmxe0kro94AaABAg,Dj banghe,tá»± nhiÃªn tá»›i khÃºc bÃ  Ba lÃ¹i Ngá»c Tháº£o ra lÃ  t cÆ°á»i 1 phÃ¡t máº·c dÃ¹ biáº¿t hÃ´m nay báº£ Ä‘ang nghiÃªm tÃºc Ä‘i thi ğŸ¤£ğŸ¤£ğŸ¤£,2022-10-03T03:50:56Z
UgygVDRmla8miZo2yRh4AaABAg,Scarlettttt,coi bÃ i phÃ¡t biá»ƒu bÃ  TiÃªn mÃ  khÃ³c luÃ´n huhu,2022-10-02T01:14:20Z
UgwXB6GP4E0nVyrrwUB4AaABAg,Phung Nguyen,Mai ngÃ´ Ä‘i thi Ä‘á» truyá»n cáº£m há»©ng chá»© cÃ³ vÆ°Æ¡ng miá»‡ng hay k thÃ¬ cÃ´ áº¥y cÅ©ng Ä‘Ã£ chiáº¿n tháº¯ng trong lÃ²ng má»i ngâ¤ï¸,2022-10-02T04:16:55Z
UgyxfZijyGRvKvw2T4B4AaABAg,Hahmy Lee,Nghe mn chÃª chá»© face + interview cá»§a TÃ¢n HH Ä‘á»‰nh nha, body cáº£i thiá»‡n Ä‘c chá»© brain ko chá»‰nh Ä‘c Ä‘Ã¢u ahğŸ˜ŠğŸ˜Š,2022-10-02T02:16:26Z
UgzktnuaDYgHt8oIQBB4AaABAg,VÃ¢n BÃ¹i,Cáº£m tÃ¬nh vá»›i thiÃªn Ã¢n,duyÃªn dÃ¡ng tá»± tin vÃ  xinh Ä‘áº¹p,2022-10-03T15:32:16Z
UgzxXqVdBJZbSuKl5_x4AaABAg,Viedayyâœ¿,Long An luÃ´n tá»± hÃ o vá» ThiÃªn Ã‚n,2022-10-02T01:40:48Z
UgybcMlNESni82JbbKx4AaABAg,The White Shop VN,ChÆ°Æ¡ng trÃ¬nh nÃ y Ä‘áº§u tÆ° hoÃ nh trÃ¡ng nhá»‰, trang phá»¥c tá»« máº¥y táº­p Ä‘á»u Ä‘áº¹p, ChÃºc má»«ng ThiÃªn Ã‚n, cÃ´ áº¥y luÃ´n Ä‘Æ°á»£c gá»i cuá»‘i cÃ¹ng nÃªn há»“i há»™p láº¯m<br><a href="https://www.youtube.com/watch?v=6QJXXJe9Tos&amp;t=56m00s">56:00</a> lÃºc nÃ³i tÃªn vÃ  quÃª quÃ¡n Ä‘Ã£ tiáº¿t cháº¿  hÆ¡n hÃ´m trÆ°á»›c nhiá»u rá»“i<br><a href="https://www.youtube.com/watch?v=6QJXXJe9Tos&amp;t=2h26m00s">2:26:00</a> : HÆ°Æ¡ng Giang dá»± Ä‘oÃ¡n gáº§n Ä‘Ãºng top nhá»‰: Mai NgÃ´, Quá»³nh ChÃ¢u, ThiÃªn..nhÆ°ng lÃ  ThiÃªn Ã‚n nha<br>Tá»« top 20 trá»Ÿ Ä‘i tháº¥y ThiÃªn Ã‚n sÃ¡ng nhá»‰<br><a href="https://www.youtube.com/watch?v=6QJXXJe9Tos&amp;t=4h11m02s">4:11:02</a> CÃ¢u há»i cá»§a Quá»³nh Mai liÃªn quan gÃ¬ Ä‘áº¿n chÆ°Æ¡ng trÃ¬nh sáº¯c Ä‘áº¹p, hÃ²a bÃ¬nh váº­y, má»i ngÆ°á»i,2022-10-03T09:34:05Z
UgxMlFATxhbpGGQ4bsF4AaABAg,Hieu Le,TiÃªn Ä‘á»©ng vá»›i máº¥y bÃ© váº©n lÃ  cÃ¡i j Ä‘Ã³ khÃ¡c biá»‡t nhá»‰, vÃ²ng 1 quÃ¡ Ä‘á»‰nh,2022-10-03T16:53:27Z
Ugw98KcvjmWDpjPEa5R4AaABAg,Huong Nguyen,Nghe ThÃ¹y TiÃªn chia sáº» mÃ  khÃ³c theo luÃ´n Ä‘Ã³ náº¡,2022-10-02T00:07:10Z
UgwEqwY51rNBIaTMXEV4AaABAg,Ka Ka,Pháº£i khÃ¢m phá»¥c vá»›i tÃ i nhÃ¬n ngÆ°á»i cá»§a dÃ¬ Dung cÃ¹ng cÃ¡c bgk,TÃ¢ cÃ³ Ä‘áº§y Ä‘á»§ tá»‘ cháº¥t Ä‘á»ƒ lÃ m hh lÃ m nÃªn chuyá»‡n,kÄ© nÄƒng Ä‘áº¿n nhan sáº¯c vÃ´ cÃ¹ng sáº¯c sáº£o tuy trÃ¬nh diá»…n trÃ´ng tÃ¢ hÆ¡i thiáº¿u tá»± tin á»Ÿ giáº£i nÃ y tháº¿ mÃ  lÃ m sao chá»‰ trong 2 ngÃ y chuáº©n bá»‹ thi miss grand in cÃ´ báº¥t ngá» lá»™t xÃ¡c má»™t cÃ¡ch ngoáº¡n má»¥c vÃ´ cÃ¹ng Ä‘á»‰nh cao chá»‰ lÃ  tÃ¢ bá»‹ thiÃªn vá»‹ chá»© cÃ´ áº¥y Ä‘áº§y lÃ­ do Ä‘á»ƒ cÃ³ thá»ƒ vÃ o top 10 cÃ³ thá»ƒ lÃ  top 5 luÃ´n náº¿u hÃ¹ng biá»‡n cÃ´ áº¥y tl á»©ng xá»­ tá»‘t nhÆ° giáº£i nÃ y thÃ¬ top 5 khÃ´ng lÃ  váº¥n Ä‘á» vá»›i cÃ´ áº¥y,2022-10-30T14:49:39Z
UgxleY4hSQYu4cS3d7R4AaABAg,Nhicute5162 Gacha,Máº·c dÃ¹ tiÃªn ko pháº£i lÃ  ng Ä‘áº¹p nháº¥t cá»§a hoa háº­u nhÆ°ng trong lÃ²ng con cÃ´ thuá»³ tiÃªn mÃ£i lÃ  ng Ä‘áº¹p nháº¥tâ¤â¤â¤,2022-10-02T07:05:13Z
Ugz9abgLn6DJTWT6x7l4AaABAg,Huyá»n Tráº§n,ChÃºc má»«ng ThiÃªn Ã‚n, báº¡n ráº¥t xá»©ng Ä‘Ã¡ng , chÃºc má»«ng Sen VÃ ng. ğŸ‰,2022-10-02T01:39:51Z
UgzLk06wCgeOEhGiINZ4AaABAg,gia linh Ä‘á»—,Chak thiÃªn Ã¢n nghá»‰ mÃ¬nh chá»‰ dá»«ng á»Ÿ top 5 nÃªn má»i láº§n kÃªu tÃªn Ã¡ háº­u mÃ  k fai lÃ  mÃ¬nh, lÃ  e áº¥y biá»ƒu cáº£m báº¥t ngá» vÃ  vÃ´ cÅ©ng dá»… thÆ°Æ¡ng.,2022-10-05T04:27:57Z
Ugyw0_EP3mZtrWj9ygp4AaABAg,5c LÆ¯Æ NG THá»Š MINH TRÃšC,CÃ¡c cÃ´ gÃ¡i dÃ¡ng vÃ³c Ä‘áº§y Ä‘áº·n Ä‘áº¹p quÃ¡,2022-10-02T05:33:36Z
UgwkQJ1iZoRDv3JAXsd4AaABAg,NhÆ° Huá»³nh,Hoa háº­u giá»i quÃ¡ trá»i luÃ´n, ráº¥t xá»©ng Ä‘Ã¡ng vá»›i vÃ  vÆ°Æ¡ng miá»‡ng vÃ  danh hiá»‡u,2022-10-01T17:18:40Z
Ugwym1WaOxt3_Gj9JsV4AaABAg,Lan Má»¹,MN nÃ³i ChÃ¢u tá»± tin thÃ¡i quÃ¡ khi nghe cÃ´ng bá»‘. NhÆ°ng mÃ¬nh láº¡i tháº¥y cÃ´ áº¥y ná»Ÿ 1 ná»¥ cÆ°á»i nháº¹ nhÃ ng vá»›i Ã‚n Ä‘á»ƒ Ã‚n bÃ¬nh tÄ©nh láº¡i. Ã‚n thá»±c sá»± ráº¥t run, láº¯c tay ChÃ¢u miáº¿t. nhÆ°ng lÃºc ChÃ¢u cÆ°á»i, Ã‚n Ä‘Ã£ bá»›t run hÆ¡n.<br>YÃªu cáº£ 2 cÃ´ gÃ¡i. MÃ¬nh ko pháº£i Fan ChÃ¢u nhÆ°ng ráº¥t thiá»‡n cáº£m vá»›i nÃ ng.,2022-10-02T05:01:22Z
UgxwZ0vBSLXQ3nMLJ7d4AaABAg,Huá»³nh Hiáº¿u Official,Sen vÃ ng luÃ´n luÃ´n chá»n gÆ°Æ¡ng máº·t má»›i. Äá»™ tuá»•i 18 Ä‘Ã´i mÆ°Æ¡i lÃ m hoa háº­u nÃªn nhá»¯ng thÃ­ sinh cÅ© cÃ³ nhiá»u kinh nghiá»‡m nÃªn chá»n tham gia hoa háº­u hoÃ n vÅ© cá»§a unimedia cÆ¡ há»™i chiáº¿n tháº¯ng sáº½ cao hÆ¡n,2022-10-02T03:50:07Z
UgxKjWoeyqEkVB9Xpkd4AaABAg,Nhicute5162 Gacha,Máº·c dÃ¹ tiÃªn ko pháº£i lÃ  ng Ä‘áº¹p nháº¥t cá»§a hoa háº­u nhÆ°ng trong lÃ²ng con cÃ´ thuá»³ tiÃªn mÃ£i lÃ  ng Ä‘áº¹p nháº¥tâ¤â¤â¤,2022-10-02T07:05:13Z
Ugy-fJvwJTbRRuWu3e54AaABAg,Nhicute5162 Gacha,Máº·c dÃ¹ tiÃªn ko pháº£i lÃ  ng Ä‘áº¹p nháº¥t cá»§a hoa háº­u nhÆ°ng trong lÃ²ng con cÃ´ thuá»³ tiÃªn mÃ£i lÃ  ng Ä‘áº¹p nháº¥tâ¤â¤â¤,2022-10-02T07:05:16Z
UgwjUoYPf6Qc62AOnC14AaABAg,Canh Hoang,LÃª Thá»‹ Há»“ng Háº¡nh quÃ¡ Ä‘áº¹p. CÃ´ gÃ¡i ngÃ y xÆ°a thÆ°á»ng quay video á»Ÿ SVM giá» Ä‘Ã£ trá»Ÿ thÃ nh hoa háº­u rá»“i . CÃ³ ai cÃ²n nhá»› Ä‘áº¿n cÃ´ áº¥y ko.,2022-10-04T16:14:21Z
UgzXXnXGFrHdUA-x88N4AaABAg,Tri Thanh,Phong thÃ¡i tráº£ lá»i bÃ¬nh tÄ©nh vÃ  tráº£ lá»i ráº¥t tá»‘t,2022-10-02T08:47:53Z
UgzyN6scP2nYrC7zxEd4AaABAg,nguyen ngan,Hoa háº­u tháº¥y Ä‘áº¹p mÃ  nhÃ¬n máº·t phÃºc háº­u .,2022-10-02T02:25:18Z
UgyeTPAnEGboA3FmPOZ4AaABAg,QuyÃªn Cookie,HH á»©ng xá»­ qÃ¡ good lu. ÄÃºng trá»ng tÃ¢m ko dÃ i dÃ²ng,2022-10-02T06:20:42Z
UgxB9szs7aq8XEQU61d4AaABAg,Kieu Tranthi,2 hh tui ná»ƒ vÃ  thÆ°Æ¡ng nháº¥t lÃ  Hen vÃ  TiÃªn, chÃ¢n thÃ nh vÃ  tÃ¬nh cáº£m,2022-10-04T06:53:00Z
UgxZ1xm93z83rMBHSCl4AaABAg,Nhicute5162 Gacha,Máº·c dÃ¹ tiÃªn ko pháº£i lÃ  ng Ä‘áº¹p nháº¥t cá»§a hoa háº­u nhÆ°ng trong lÃ²ng con cÃ´ thuá»³ tiÃªn mÃ£i lÃ  ng Ä‘áº¹p nháº¥tâ¤â¤â¤ğŸ˜ŠğŸ˜Š,2022-10-02T07:07:46Z
UgxuQIeVmP7M4GJzLoB4AaABAg,VÄƒn TÃ¢m TV,MÃ¬nh tháº¥y cÃ¢u tl  top 10 cá»§a Mai NgÃ´ hay vÃ  cáº£m xÃºc nháº¥t. CÃ¢u há»i top 5 cá»§a cÃ´ áº¥y khÃ³ hÆ¡n máº¥y báº¡n kia. Váº«n tháº¥y Mai NgÃ´ hÆ¡n báº¡n Ã¡3,2022-10-02T03:07:14Z
UgxzgrFPXJW-zg9sZqx4AaABAg,thuan nguyen,Váº» Ä‘áº¹p Ä‘Ãºng gu MG,cÃ´ gÃ¡i báº£n lÄ©nh,Ä‘áº¹p body ok,TA tá»‘t,chá»‰ thiáº¿u kÄ© nÄƒng trÃ¬nh diá»…n ,hi vong sen vÃ ng training gáº¥p rÃºt vá» pháº§n nÃ y,2022-10-02T01:04:49Z
UgyZ1DhTsLYFn_W8tpt4AaABAg,VÄƒn Trung NgÃ´,Ko thá»ƒ tin ná»•i Äá»— Trá»‹nh Quá»³nh NhÆ° ko lá»t top 5, tháº­m chÃ­ top 10,2022-10-02T10:33:19Z
UgxAVKvyOvKJSvdNLC14AaABAg,miCaSa3012,Pháº§n thuyáº¿t trÃ¬nh cá»§a Mai NgÃ´ áº¥n tÆ°á»£ng quÃ¡,2022-10-02T13:42:13Z
Ugx0Y6kUllolciOBAc94AaABAg,Quá»³nh NhÆ° DÆ°Æ¡ng,Láº§n nÃ y giÃ¡m kháº£o cháº¥m chÃ­nh xÃ¡c vÃ  cÃ´ng tÃ¢m!,2022-10-05T13:18:26Z
UgyvY_GpUNkI41ovtHl4AaABAg,hien katy,Best thuyáº¿t trÃ¬nh ngÃ y hnay thuá»™c vá» Thuá»³ TiÃªn nha, Ä‘á»c cmt khÃ¡n giáº£ kÃªu khÃ³c, biáº¿t trÆ°á»›c mÃ  váº«n khÃ³c quÃ¡ trá»i,2022-10-03T03:26:12Z
UgwRUygalkpBn5sOcPV4AaABAg,Shino Tran,Hhaaha Ä‘Ã£ Ä‘oÃ¡n trÆ°á»›c Ä‘Æ°á»£c ThiÃªn Ã‚n sáº½ win tá»« khi coi bÃ© diá»…n Trang phá»¥c dÃ¢n tá»™c rá»“i, bÆ°á»›c ra 1 cÃ¡i tháº§n thÃ¡i hoa háº­u ngá»i ngá»i, ko lá»‘ lÄƒng ko Ã´ dá»,2022-10-03T01:48:42Z
UgyHGPE1gO06S63UEpd4AaABAg,TrÃ­ LÃª,1 káº¿t quáº£ hoÃ n toÃ n thuyáº¿t thá»¥c,2022-10-02T03:17:48Z
Ugxk_oNMytn-B8bq94l4AaABAg,ThÃºy Háº±ng Nguyá»…n,ThÃ¹y tiÃªn Ä‘Ã£ lÃ m c khÃ³c ráº¥t nhiá»u e lÃ  niá»m tá»± hÃ o cá»§a ngÆ°á»i  phá»¥ ná»¯ VN  .má»i ngÆ°á»i  sáº½ ráº¥t nhá»› em,2022-10-02T06:58:06Z
UgxZbwTCNwp867rAJjR4AaABAg,ThÃºy Háº±ng Nguyá»…n,ThiÃªn Ã¢n giá»i  vÃ  cÃ³ sá»± Ä‘iá»m tÄ©nh ráº¥t hay,2022-10-02T07:44:58Z
Ugza1LXG_eR-2-3yuMB4AaABAg,kilikngo,What a beautiful miss grand Vietnam!! Smart and wicked in her answers!! Absolutely worthy of the highest regards!!!,2022-10-01T20:53:49Z
Ugx52DSetOs7MydMWvh4AaABAg,Hoa Nguyen,Hoa háº­u long an cÃ³ ná»¥ cÆ°á»i Ä‘áº¹p tuy ko tá»‘t nhÆ° nhá»¯ng ngÆ°á»i khÃ¡c nhÆ°ng cÃ³ nÃ©t riÃªng, nÃ³i chung mÃ¬nh thÃ­ch cÃ´ nÃ y, lá»ng cá»ng cÃ³ thá»ƒ train Ä‘Æ°á»£c,2022-10-02T06:38:35Z
UgzqYfpu8m_m6zLL5fx4AaABAg,phan thanh tu,ChÃºc má»«ng Cháº¿ Nguyá»…n Quá»³nh ChÃ¢u máº·c dÃ¹ em ko giÃ nh Ä‘Æ°á»£c vá»‹ trÃ­ cao nháº¥t, nhÆ°ng Ä‘Ã³ cÅ©ng lÃ  má»™t sá»± ghi nháº­n vá»›i 1 cÃ´ gÃ¡i Ä‘áº¹p, giá»i cÃ³ trÃ­ tuá»‡ nhÆ° em, pháº§n thi á»©ng xá»­ cá»§a em ráº¥t tuyá»‡t vá»i. Báº¡n hoa háº­u cÅ©ng ráº¥t xá»©ng Ä‘Ã¡ng. KhÃ³ hiá»ƒu nháº¥t lÃ  báº¡n Tuyáº¿t Mai máº·t xáº¥u, chÃ¢n to mÃ  váº«n lá»t vÃ o táº­n top 5.,2022-10-02T13:29:09Z
Ugyitwedvdv29ib8m214AaABAg,linh dan,Hoa háº­u Ä‘x chá»‰nh chá»§ ráº¥t Ä‘áº¹p vÃ  nhiá»u tÃ i nÄƒng, ko pttm toÃ¡t lÃªn váº» Ä‘áº¹p tá»± nhiÃªn vá»‘n cÃ³,2022-10-02T03:00:18Z
UgwYbG8LGKRlgkppJU54AaABAg,VÅ© HÃ¹ng Danh,Tiáº¿c cho chá»‹ Mai NgÃ´ quÃ¡ chá»‹ lÃ m ráº¥t tá»‘t nhÆ°ng ráº¥t tiáº¿c káº¿t quáº£ ko Ä‘Æ°á»£c nhÆ° mong muá»‘n,2022-10-02T14:45:33Z
UgzN-x6WfgPKXdc0f8R4AaABAg,billie nguyen,ThiÃªn Ã‚n quÃ¡ xá»©ng Ä‘ang.ngay tá»« vÃ²ng sÆ¡ kháº£o Ä‘Ã£ cÃ³ hÃ o quang hoa háº­u profile Ä‘áº¹p.Ä‘á»™ tuá»•i Ä‘áº¹p.face tá»± nhiÃªn k pttm.dÃ¡ng ng cao rÃ¡o.á»©ng xá»­ hay.ChÃºc má»«ng thiÃªn Ã¢n,2022-10-01T19:26:48Z
Ugw7caSKgbdaSIMyH4x4AaABAg,Káº¿ toÃ¡n VÅ© TÆ°Æ¡i,Thuá»³ TiÃªn xá»©ng Ä‘Ã¡ng lÃ  hoa háº­u Viá»‡t Nam hÆ¡n Tiá»ƒu Vy nÄƒm Ä‘Ã³ ráº¥t nhiá»u. Tráº£ lÃ²i á»©ng xá»­ hay hÆ¡n Tiá»ƒu Vy nhiá»u,2022-10-02T00:33:20Z
UgxH1QuoRd5jDMFOLOd4AaABAg, Nguyá»…n Anh,ThÆ°Æ¡ng vÃ  yÃªu TiÃªn tháº­t nhiá»u,2022-10-02T02:07:14Z
UgxDXqhZa1BJoeX24vp4AaABAg,LuVi Life CHANNEL ğŸŒ±ğŸ†•,Beautiful,2022-10-02T04:31:52Z
Ugyoqg7Sl45dKWVPb454AaABAg,Kim Bao,MÃ¬nh lÃ  fan cá»§a cÃ´ bÃ© Cháº¿ Nguyá»…n Quá»³nh ChÃ¢u. MÃ¬nh xem chÆ°Æ¡ng trÃ¬nh nÃ y chá»§ yáº¿u vÃ¬ ChÃ¢u... ÄÃºng lÃ  cÃ´ bÃ© Hoa háº­u ThiÃªn Ã‚n cÃ³ dÃ¡ng dáº¥p vÃ  nháº¥t lÃ  gÆ°Æ¡ng máº·t sÃ¡ng Ä‘áº¹p ngÃ¢y thÆ¡ khÃ¡c háº³n cÃ¡c Miss Grand khÃ¡c... ChÃºc má»«ng cÃ¡c báº¡n. ChÃºc cÃ¡c báº¡n luÃ´n may máº¯n vÃ  thÃ nh cÃ´ng.,2022-10-02T21:11:50Z
UgyBBFHEJmadRZmcFwF4AaABAg,VÄƒn LÃ¢m Official,ÄoÃ n ThiÃªn Ã‚n á»©ng viÃªn top 1 káº¿ vá»‹ Thuá»³ TiÃªn rá»“i. Ráº¥t sÃ¡ng giÃ¡,2022-10-07T14:22:24Z
Ugz_0BBVprJxfd9DOj54AaABAg,Jenny Pham,VÃ o xem Mono, tháº¥y nhiá»u ngÆ°á»i chÃª, mÃ  mÃ¬nh tháº¥y Mono hÃ¡t hay, chá»‰ cáº§n luyá»‡n táº­p thÃªm lÃ  ok nÃ¨.,2022-10-03T05:05:09Z
UgxFttPjf9fM2YmS6w54AaABAg,do kieuanh,KhÃ³c khi nghe Thuá»³ TiÃªn chia sáº». áº¤n tÆ°á»£ng vá»›i cÃ´ bÃ© Ä‘áº§y nghá»‹ lá»±c nÃ y,2022-10-02T02:52:16Z
UgwBSsO029OPNNED7TR4AaABAg,hanh my,QuÃ¡ thuyáº¿t phá»¥c,2022-10-02T14:30:46Z
Ugz3c7d9RRdI-E2SXDJ4AaABAg,TÃ i ba bi <3,Gáº¡t bá» má»i thá»© , hy vá»ng hÃ nh trÃ¬nh sáº¯p tá»›i cá»§a cÃ´ gÃ¡i ThiÃªn Ã‚n lÃ m cho Viá»‡t Nam tá»± hÃ o má»™t láº§n ná»¯a táº¡i quá»‘c táº¿ nhÃ©! Hy vá»ng sen vÃ ng chá»n máº·t gá»­i vÃ ng Ä‘Ãºng ngÆ°á»iâ¤ï¸,2022-10-01T17:20:12Z
Ugw3BgYt9P2svAaHd_54AaABAg,Hang Chu,Cáº£m Ä‘á»™ng khÃºc thÃ¹y tiÃªn xuáº¥t hiá»‡n,2022-10-02T13:13:34Z
UgwexsU4Hmp6Ry4rh-F4AaABAg,Aoada Haha,Kinda disappointed in the execution of the gown, but overall its really great!!!,2022-10-02T06:55:11Z
UgxR5m-CDDoU44MnPkB4AaABAg,Hillary Ha,MÃ¬nh nghÄ© Quá»³nh ChÃ¢u sáº½ Ä‘áº¡i diá»‡n VN thi nÄƒm nay, vÃ¬ Ä‘Ã£ 28 tuá»•i, nÄƒm sau quÃ¡ tuá»•i. ThiÃªn Ã‚n cÃ³ 1 nÄƒm Ä‘á»ƒ luyá»‡n táº­p hÃ¬nh thá»ƒ, catwalk. ThiÃªn Ã‚n catwalk cÃ²n yáº¿u, khÃ´ng mang mÃ¡u chiáº¿n cá»§a Miss Grand.,2022-10-02T06:51:02Z
UgzMMIC2CCl4e1hWi9N4AaABAg,BÄƒng Tuyáº¿t Äáº·ng,Nguyá»…n thÃºc thuy tiÃªn tai sáº¯c váº¹n toÃ n. MÃ£i yÃªu ğŸ¥°ğŸ¥°,2022-10-03T13:25:25Z
UgyI5mIO_o2FTNXECLB4AaABAg,Há»“ng Kim Nguyá»…n,Long An tráº£ lá»i á»©ng xá»­ wa xuáº¥t... sáº¯c ğŸ‘ğŸ‘ğŸ‘,2022-10-02T12:31:28Z
Ugxwc10gjXd6_S2BvBZ4AaABAg,An Xoa,RÃµ rÃ ng lÃ  giá»ng nÃ³i cá»§a ThiÃªn Ã‚n lÃ  hÃ¢y nháº¥t trong cÃ¡c cÃ´. CÃ³ ná»™i lá»±c.,2022-10-24T15:24:15Z
UgwT2TLNUc871Rmm-kB4AaABAg,Báº£nh Nguyá»…n,VÅ© dáº«n chÆ°Æ¡ng trÃ¬nh hay quÃ¡ , tuyá»‡t vá»i,2022-10-04T13:54:07Z
UgxjwJS_XpqiYRNzqE14AaABAg,Duong Nguyen Thi,Duy nháº¥t hoa háº­u lÃ m m rÆ¡i nÆ°á»›c máº¯t,2022-10-02T01:26:12Z
UgwBK_5Y4PEZIjt4uQF4AaABAg,ThuÃ½ Háº¡nh,Aaaa MONO live Ä‘á»‰nh xá»‰u,2022-10-02T01:14:28Z
UgwzyjU-Yvw4892r1Jl4AaABAg,DuyÃªn Nguyá»…n,Chá»‹ ÄÃ´ng Nhi tuyá»‡t quÃ¡ â¤,2022-10-02T15:06:28Z
UgwtMngFp0JlKCOFLxl4AaABAg,Nháº­t Linh BÃ¹i,MÃ£i ui chá»‹ tiÃªn<br>Tháº­t tuyá»‡t vá»i,2022-10-02T00:08:41Z
UgxnxT2IcVnuN0PgqV94AaABAg,HÃ¹ng VÄƒn,ThÆ°Æ¡ng láº¯m miá»n trung Æ¡i,2022-10-02T05:14:06Z
UgymLWlwGWJ0tSp_xEZ4AaABAg,wu lina,Tháº¥y thÆ°Æ¡ng cho em ThiÃªn Ã¢n , ko Ä‘Æ°á»£c má»i ngÆ°á»i cá»• vÅ©, la hÃ©t nhiá»u. NhÆ°ng em Ä‘Ã£ Ä‘áº¡t káº¿t quáº£ cao, chÃºc má»«ng em <br>Em ráº¥t xá»©ng Ä‘Ã¡ng,2022-10-19T12:12:30Z
UgyvHD_6PdKVvRAgxtZ4AaABAg,my hoa,ğŸ˜ğŸ˜ğŸ˜ğŸ˜hoa háº§u báº£o chÃ¢u lÃ  nháº¯t â¤,2022-10-02T00:41:58Z
UgyI2Z9NiR2wJ-7-mst4AaABAg,Nhanh Nguyen,GÆ°Æ¡ng máº·t hoa háº­u Ä‘áº¹p tháº­t mÃ .,2022-10-02T06:09:50Z
Ugz0IwOLqKn0PE_gwdp4AaABAg,ChÃ¹a á»Ÿ LÃ ng,Tui thÃ­ch hoa sen nháº¥t cÃ¡i mÃ u tráº¯ng liÃªn sáº¯c vs mÃ u vÃ ng cá»§a cÃ¡i sáº¯c liÃªn hÆ°Æ¡ng Ã¢Ã½ siÃªu Ä‘áº¹p.ğŸ˜ğŸ˜ğŸ˜ğŸ˜,2022-10-04T04:50:57Z
UgzOMlv0Zu2faQSrrcx4AaABAg,Tuyet Nguyen,Hoa háº­u thÃ¬ khÃ´ng bÃ n cÃ£i, hoÃ n toÃ n xá»©ng Ä‘Ã¡ng, cÆ¡ mÃ  Ã¡ 3 láº¡ láº¯m,2022-10-02T06:49:12Z
Ugx564NR8umSj7l9ULp4AaABAg,Ledanh Giuse,Cuá»‘i cÃ¹ng thÃ¬ nhá»¯ng sá»± cá»‘ gáº¯ng cá»§a quá»³nh Mai Ä‘Ã£ Ä‘c Ä‘á»n Ä‘Ã¡p, vÃ  tuyáº¿t nhÆ° cÅ©ng ráº¥t xá»©ng Ä‘Ã¡ng, sen vÃ ng ghi nháº­n sá»± cá»‘ gáº¯ng cá»§a cÃ¡c chá»‹,2022-10-02T06:29:00Z
UgxgmZe2HLy4J5m_9Gt4AaABAg,QaQaâ€™s Beauty,Thuá»³ tiÃªn quÃ¡ Ä‘áº¹p trá»i Æ¡iâ¤,2022-10-02T07:17:44Z
UgyZvp8R1Liwb7DrKCJ4AaABAg,Ly Pháº¡m,TÃ´i cháº¯c cháº¯n ráº±ng khÃ³ ai qua Ä‘Æ°á»£c ThÃ¹y TiÃªn vá» tháº§n thÃ¡i ...tá»± tin....báº£n lÄ©nh....ngoáº¡i ngá»¯ tá»‘t......,2022-10-02T05:48:56Z
UgxDRRfzQq-qMkGUBvN4AaABAg,y nhu,ÄoÃ n ThiÃªn Ã‚n cÃ³ gÆ°Æ¡ng máº·t ráº¥t Ä‘áº¹p vÃ  phÃºc háº­u.,2022-10-04T05:42:50Z
UgznqiZE5IxFeATCrJt4AaABAg,Phong MukBang VLog,ThiÃªn Ã¢n tl hay mÃ  Ä‘iá»m tÄ©nh ná»¯a ğŸ‰,2022-10-02T07:23:29Z
Ugz7Rhsr2QSgfZNNEgx4AaABAg, HoÃ ng Nguyá»…n TROPICAL,HÃ  Ná»™i MÃ£i Äá»‰nh,2022-10-02T10:56:18Z
Ugx9IUMAJhoJenB2iJ94AaABAg,Ly Mai,Trá»i Æ¡i tÆ° nhá» tá»›i lá»›n mÃ¬nh má»›i tháº¥y long an Ä‘áº·c hoa háº­u chÃºc má»«ng thiÃªn Ã¢n em mang vinh quang vá» cho long an em ráº¥t giá»i á»©ng sÆ° quÃ¡ hÃ¢y,2022-10-02T09:23:46Z
UgxHBJCizRFYuHPSv-V4AaABAg,hien katy,K cÃ³ gÃ¬ Ä‘á»ƒ chÃª, thuyáº¿t phá»¥c nháº¥t vÃ  ná»•i báº­t trong top 5: Ä‘áº¹p, cao nháº¥t, tráº£ lá»i ok, cÃ³ nÄƒng lÆ°á»£ng, báº¡n Háº¡nh gÃ¬ Ä‘Ã³ Ä‘c má»—i cÃ¡i máº·t, cÃ²n Ä‘i k cÃ³ nÄƒng lÆ°á»£ng, báº¡n phÆ°á»£ng thÃ¬ thuyáº¿t trÃ¬nh tá»¥t mood dá»… sá»£, Mai NgÃ´ náº¿u k xem chá»‰ nhÃ¬n káº¿t quáº£ thÃ¬ mÃ¬nh k Æ°ng nhÆ°ng xem tháº¥y tháº§n thÃ¡i quÃ¡ trá»i, tá»± tin, giá»ng thuyáº¿t trÃ¬nh hÃ¹ng há»“n, ThiÃªn HÆ°Æ¡ng body Ä‘áº¹p tháº­t, vÃ²ng 1 Ä‘áº¹p hÆ¡n hoa háº­u, hoa háº­u hÆ¡i chÃª vÃ²ng 1, quá»³nh chÃ¢u k pháº£i gu, máº·t hÆ¡i xÆ°Æ¡ng xáº©u nhÆ°ng ngá»±c Ä‘áº¹p,2022-10-03T03:20:52Z
UgwQuVJhm_6qvgICF3R4AaABAg,CÆ°á»ng Nguyá»…n BÃ¡,Ã´i thÃ¹y tiÃªn, xÃºc Ä‘á»™ng cháº£y nÆ°á»›c máº¯t,2022-10-16T14:43:08Z
Ugwf9zLyUjiB3beaHr54AaABAg,El Ciudadano,Saludos desde Ecuador.,2022-10-02T01:38:36Z
Ugx44I_Ez9y2V8zZlK94AaABAg,WÃ¬nh Wa,Tháº¥y HH ngÆ¡ ngÃ¡c khÃ´ng biáº¿t lÃ  mÃ¬nh tháº¯ng tháº¥y thÆ°Æ¡ng ghÃª .  ThiÃªn Ã‚n cao, Ä‘áº¹p, dÃ¡ng Ä‘i tá»« tá»‘n sang trá»ng, giá»ng nÃ³i áº¥m Ã¡p nháº¹ mÃ  cháº¯c tá»«ng chá»¯, quÃ¡ xá»©ng Ä‘Ã¡ng lÃ m Miss Grand VN. ğŸ‘â¤ï¸ğŸ‘ğŸ‘ğŸ‘,2022-10-03T03:56:18Z
UgySM4jTsTzIbpr6hrt4AaABAg,BÃ¹i Thá»‹ Minh Háº±ng,ThiÃªn HÆ°Æ¡ng mÃ  rÃ¨n luyá»‡n ká»¹ nÄƒng tiáº¿ng Anh trÃ´i cháº£y nÄƒm sau thi MU 2023 win cháº¯c luÃ´n,2022-10-02T04:07:02Z
UgwXk-g2aWRYIqMFxUF4AaABAg,ÄÃ´ng LuÃ¢n,Mai ngÃ´ t tÆ°á»Ÿng báº£ best hÃ¹ng biá»‡n ko Ã¡ báº£ nÃ³i mÃ  cáº£m xÃºc t dÃ¢n trÃ o lun Ã¡,2022-10-02T03:28:31Z
UgzUi6UZ3DzYeE9iQ6p4AaABAg,Nua Kobiet,ChÃºc má»«ng thiÃªn Ã¢n !â™¡â™¡,2022-11-02T14:24:15Z
UgwIrkz5RJW5ZDeIevF4AaABAg,Thanh Ha,Trá»i Æ¡i...cÃ¢u tráº£ lá»i cá»§a ÄTA quÃ¡ hay,2022-10-02T08:04:46Z
Ugx-m97_A13VOTo0kct4AaABAg,à¸ªà¸°à¹ƒà¸ à¹‰à¸®à¸­à¸‡à¸à¸‡Live in the U.S.,ğŸ‰ğŸ‰ğŸ‰ğŸ‘ğŸ‡¹ğŸ‡­ğŸ‡ºğŸ‡¸,2022-10-02T06:13:33Z
Ugxorss2Q5M20Kxkx2V4AaABAg,Hoa Nguyen,Mai NgÃ´  thuyáº¿t trÃ¬nh lÃ m mÃ¬nh xÃºc Ä‘á»™ng,2022-10-03T07:48:13Z
UgyR9Scor1DsACYy3sV4AaABAg,Tuyáº¿t Nguyá»…n,ThiÃªn Ã¢n sá»©ng Ä‘Ã¡ng lÃ  hoa háº­u á»©ng sá»­ tá»‘t nháº¥t,2022-10-02T02:21:42Z
UgzKJr0CJ1a24Rrha5B4AaABAg,Nguyá»‡t Háº±ng Nguyá»…n,ThiÃªn Ã‚n ráº¥t ná»•i báº­t luÃ´n Ã½, cao, sÃ¡ng, sang. Má»—i khoáº£nh khÃ¡ch camera lia qua Ä‘á»u ráº¥t ná»•i báº­t,2022-10-02T08:52:52Z
UgwuVwMotZ8-fFcF-Q14AaABAg,trÃ­ nguyá»…n,Cáº·p Ä‘á»«a, tuyáº¿t nhÆ° tuyá»‡t quÃ¡,2022-10-02T02:54:03Z
UgytQ4fz7ddG5YP5-Ql4AaABAg,Ã”ng giÃ¡o officer,ThiÃªn Ã‚n xá»©ng Ä‘Ã¡ng láº¯m <br>Ã háº­u 1 thÃ¬ Mai NgÃ´ thÃ¬ thÃ­ch hÆ¡n vÃ¬ cÃ´ áº¥y giá»i,2022-10-02T00:41:36Z
UgwKBr1hgO1qxZejWGN4AaABAg,Tá»‘ng minh trÃ­ Roblox,Thuá»³ tiÃªn nÃ³i quÃ¡ hay.xá»©ng Ä‘Ã¡ng xá»©ng Ä‘Ã¡ng nháº¥t,2022-10-03T11:52:13Z
UgxBPiG-l3Wr6WxkQ1J4AaABAg,Trang Linh LÆ°u,Ã‚n xá»©ng Ä‘Ã¡ng vá»›i giá»i ná»¯a! Tiáº¿c lÃ  tiáº¿c cho QNhu out top 10 vÃ¬ máº¥y giáº£i thÆ°á»Ÿng phá»¥ intop quÃ¡ lá»‘, tiáº¿c cho ThiÃªn HÆ°Æ¡ng vÃ  Vi Anh vÃ¬ 1 trong 2 báº£ xá»©ng Ä‘Ã¡ng intop 5 ! Háº¿t,2022-10-02T01:59:59Z
UgwdpdHiG8P3n_3kWZl4AaABAg,Kháº£i NguyÃªn Quang,Tháº¥y nhiá»u ngÆ°á»i á»§ng há»™ Quá»³nh chÃ¢u quÃ¡ğŸ˜¢ğŸ˜¢,2022-10-05T07:51:13Z
Ugzvlphpp3kVF2b1A7R4AaABAg,VÄƒn Tháº£ Nguyá»…n,ChÃª Viá»‡t Nam out top, á»§ng há»™ ThÃ¡i Lan Engfa ğŸ¥°,2022-10-02T06:46:04Z
UgyE8j8c_IdGyVy8cOJ4AaABAg,Quá»³nh VÅ©,KhÃ³c luÃ´n vÃ¬ ná»ng tiÃªnğŸ˜¢,2022-10-02T02:47:53Z
Ugw9spddiEQPQXF4Gpl4AaABAg,Huy Pham,Ban Ä‘áº§u ko hiá»ƒu sao mÃ  ThiÃªn Ã‚n Win. Xem háº¿t rá»“i má»›i tháº¥y ThiÃªn Ã‚n lÃ  ngÆ°á»i hÃ i hoÃ  nháº¥t táº¥t cáº£ cÃ¡c máº·t Ä‘á»ƒ gá»­i Ä‘i quá»‘c táº¿ vá»›i cÃ¡i timeline rush váº­y.,2022-10-04T05:36:21Z
UgyJr_deFMJGSWS5gnx4AaABAg,HOA ğŸŒ¹ NGUYá»„N,TÃ´i Ä‘Ã£ khÃ³c khi nghe Nguyá»…n thuc Thuá»³ TiÃªn nÃ³i lá»i táº¡m biá»‡t nhiá»‡m ká»³ ğŸ˜¢ ğŸ˜¢,2022-10-04T08:29:32Z
Ugw9rhSlSVQKZRK75IB4AaABAg,Nghi LeVu,BaÌ£n hoa hÃ¢Ì£u nhaÌ£y beÌn, traÌ‰ lÆ¡Ì€i nhanh, mÄƒÌ£t Ä‘eÌ£p.... HH laÌ€ Ä‘uÌng,2022-10-01T23:53:28Z
UgxGYn_dXy5b3mzndtN4AaABAg,Nam mÃ´ A Di ÄÃ  Pháº­t,VÃ o chá»§ yáº¿u nghe Mono hÃ¡t live ai giá»‘ng tui xin 1 like,2022-10-02T03:21:58Z
Ugx4dViiD4NFLEybjFF4AaABAg,8763_ Tráº§n Gia HÃ¢n,ÄoÃ n ThiÃªn Ã‚n chá»‹ ráº¥t xá»©ng Ä‘Ã¡ng.,2022-10-03T18:45:41Z
UgxSItqVfMy6UeV5GIR4AaABAg,TanThanh,ThiÃªn Ã‚n tráº£ lá»i á»©ng xá»­ hay xá»‰u,2022-10-03T12:57:53Z
UgzKIPfuP5Lt6unGwRp4AaABAg,Huyá»n Trang Nguyá»…n Thá»‹,Cho em há»i bÃ i hÃ¡t lÃºc ThÃ¹y TiÃªn final walk tÃªn gÃ¬ váº­y áº¡?,2022-10-02T05:09:08Z
Ugyl60Y1r8Ak5-v-HOl4AaABAg,KhÃ¡nh Linh,NgoÃ i lá» hoi, nma Mono chÃ¡y quÃ¡ Ä‘iiiiiiiiiâ¤â¤â¤â¤,2022-10-02T00:48:41Z
Ugw8UnP0md-HWRD1Mj54AaABAg,6/1 Gia LÃ¢m,KhÃ³c vÃ¬ chia sáº» cá»§a thuá»³ tiÃªn. Ko lÃ m mÃ¬nh tháº¥t vá»ng,2022-10-02T06:09:55Z
UgzVlIbUovLjYgMI1B94AaABAg,Nhi Nguyá»…n,Quynh Mai has grown so much, love you â¤,2022-10-02T07:42:38Z
UgzhK0Ib_2e2WwgPSIR4AaABAg,LuVi Life CHANNEL ğŸŒ±ğŸ†•,Xuáº¥t sáº¯c,2022-10-02T04:33:24Z
Ugz4-LuS5boAQvOrRxB4AaABAg,Kiá»u Thu,ai cÅ©ng Ä‘áº¹p â¤,2022-10-02T05:45:35Z
UgzQp0ExfaYVN0pi-dh4AaABAg,Let be happy!,káº¿t quáº£ cá»§a ThiÃªn Ã‚n lÃ  xá»©ng Ä‘Ã¡ng, nhÆ°ng mÃ¬nh tháº­t sá»± tiáº¿c cho cÃ´ gÃ¡i Äá»– TRá»ŠNH QUá»²NH NHÆ¯, báº¡n áº¥y out top 10 má»™t cÃ¡ch quÃ¡ vÃ´ lÃ½,2022-10-03T10:36:22Z
UgzRIbSPX4IB9yq-MXJ4AaABAg,z Lk,NGUYá»„N THÃšC THUá»² TIÃŠN - káº¿t thÃºc 1 nhiá»‡m ká»³ tuyá»‡t vá»i! Tháº­t sá»± xÃºc Ä‘á»™ng vÃ¬ hÃ nh trÃ¬nh chinh phá»¥c vinh quang cá»§a TiÃªn! Hoa háº­u cÃ y rank khá»§ng khiáº¿p nháº¥t Viá»‡t Nam ğŸ‡»ğŸ‡³,2022-10-01T17:36:58Z
UgxzOffFBlNa0YQOndJ4AaABAg,be nguyen,máº·c Ä‘á»“ hÃ¡t dá»‹ lÃ  Ä‘áº¹p chá»© cÃ³ ngáº¯n -ca sÄ© máº·t vá»› kim tuyáº¿t tháº­t duyÃªn dÃ¡ng,2022-10-02T03:47:57Z
UgztAicK8LhsuwLZepB4AaABAg,Tháº£o Nguyá»…n,Mai ngÃ´ nÃ³i hay quÃ¡ , tá»± nhiÃªn mÃ¬nh ngháº¹n theo,2022-10-02T03:12:47Z
UgwmBIprqFvdM7aSzcl4AaABAg,Yáº¿n Nguyá»…n,ThiÃªn Ã¢n ráº¥t xá»©ng Ä‘ang tÃ¢n hoa hÃ²a bÃ¬nh Viá»‡t Nam 2022 tÃ¡t cáº£ má»i phÃ¡n thi em ráº¥t sang giÃ¡ nhÃ¡t lÃ  pháº§n thi á»©ng xá»­,2022-10-02T04:28:45Z
UgxlELooGTUSM4Hy-vd4AaABAg,Linh San,Hoa háº­u ráº¥t Ä‘áº¹p vÃ  duyÃªn dÃ¡ng.chÃºc má»«ng em.,2022-10-02T15:07:09Z
UgwYtorA2N2b4prViGB4AaABAg,Phatthy LÃª,DÃ¢n 62 quÃ¡ tá»± hÃ o  ğŸ‰ğŸ‰ğŸ‰ chÃºc má»«ng chÃºc má»«ng,2022-10-01T19:01:10Z
UgyN3OiIbuJsEFkaRON4AaABAg,TÃ¹ng Nguyá»…n Thanh,<a href="https://www.youtube.com/watch?v=6QJXXJe9Tos&amp;t=3h47m25s">3:47:25</a> ğŸ¥°,2022-10-06T14:21:21Z
Ugzv10Gpo6CbJNBhz5x4AaABAg,Tracy Nguyen,62 mÃ£i Ä‘á»‰nh ğŸ¥³ğŸ¥³ğŸ¥³ğŸ¥³,2022-10-02T14:42:30Z
UgzQVu-Qxg5fdGKz0w54AaABAg,Anh Nguyen,HoÃ nh trÃ¡ng quÃ¡, sk quÃ¡ Ä‘áº¹p,2022-10-02T08:27:44Z
Ugyt99e0rTaehbPAm094AaABAg,QuyÃªn Nguyá»…n,OMG Ä‘á»c tá»‰nh Long An háº¿t há»“n ln ğŸ˜¢,2022-10-16T09:37:25Z
UgwbA1bfIilBbciJqjh4AaABAg,vui lÃª,ban giÃ¡m kháº£o ráº¥t cÃ´ng tÃ¢m,chÃºc má»«ng tan hhhb viá»‡t nam â¤â¤â¤â¤â¤â¤â¤,2022-10-01T17:34:31Z
Ugx4PhDD7ePCAl1iSet4AaABAg,Minh ThÃºy Nguyá»…n Pháº¡m,ThiÃªn An máº·t sÃ¡ng rá»¡. Xá»©ng Ä‘Ã¡ng HH. Chá»‰ cÃ³ má»™t mÃ¬nh bÃ© áº¥y cá»™t tÃ³c, cháº¯c Ä‘á»ƒ Ä‘á»™i vÆ°Æ¡ng miá»‡n.,2022-10-04T14:56:59Z
