author,content,updatedAt
Allyzzaa,Remember, it&#39;s just a bad day, not a bad life. Keep smiling everyone :),2020-08-06T16:18:56Z
Hey Lofi,To the person reading this, Good Luck! Don&#39;t stress, everything will be fine. No matter what difficulty you are facing right now, you can overcome it! You are strong and brave.ğŸ¥°â¤,2022-09-19T09:51:59Z
potato pc_dz,This sound is so calming. Whoever read this comment I wish you peace of mind, health and relaxation.,2022-10-25T14:53:29Z
niki nafdey,I was so touched reading the comments section. No negative comments or energy, just blessings, purity and good vibes.... Wow !!!! Love, light and healing to all those reading this.,2022-10-03T06:55:30Z
Our Planet 4K,This sound is so wonderful. The person who is reading this comment , i wish you great success , health, love and happiness!!! â™¥,2022-10-12T07:58:58Z
Cinder,You&#39;re not reading this by accident. Everything will be okay.,2020-07-15T05:25:31Z
Relaxing Music and Soothing Sounds,To YOU reading this, I pray that whatever is bothering and hurting you or whatever you are constantly stressing about gets better. May all the negativity, dark thoughts, the overthinking, and the doubt exit your mind and may clarity replace confusion. May your life be filled with peace, love, compassion, clarity, and companionship,2022-08-18T19:13:54Z
LiSa Lo-fi,It&#39;s fascinating how music can unite people emotionally that don&#39;t even know each other ...ğŸ’™ğŸ’™,2022-08-21T13:32:41Z
Woo Wang,<a href="https://www.youtube.com/watch?v=FjHGZj2IjBk&amp;t=3h33m33s">3:33:33</a> sp bÃªn chá»‹ nÃ y dÃ¹ng vá»«a tá»‘t vá»«a hiá»‡u quáº£ Ã½ lÃªn  phÃ¢y bÃºc  sumitn tan má»¡        lÃ   ra  t &amp; n Ä‘Ã³  giáº£m má»¡ thá»«a cá»±c hiá»‡u quáº£ káº¿t nháº¥t khÃ´ng pháº£i táº­p thá»ƒ dá»¥c mÃ  cÅ©ng giáº£m dÃ¹ng ráº¥t Æ°ng â¤â¤,2022-10-08T07:21:03Z
R,I have been listening to this for 4 years during exam period and while studying. It always helped my mind to be quiet and now I am in a different country studying the thing I always wanted  which is dentistry and I&#39;m listening to this in the great library :) I&#39;m so grateful,2022-10-30T12:27:26Z
Positive Bear,you&#39;re gonna pass your exams, you&#39;re gonna graduate, you&#39;re on the right track dude. Hold on &lt;3,2021-02-02T10:50:04Z
Há»ŒC Sá»NG,Thank you so much for making this video â˜ºï¸,2022-10-11T07:45:07Z
Oswaldo Fernandez Cueva,Para la persona que este leyendo este comentario: recuerda que despuÃ©s de las peores y oscuras tormentas, siempre saldrÃ¡ el sol a iluminar todoğŸŒ Ten perseverancia, eres muy grande. bendiciones y Ã©xitos en todo lo que te propongas.,2022-08-09T07:25:18Z
Aira Krissel,i cried for 20 mins while listening to this. to calm myself down, i tried reading some comments. i stopped crying. i just want to say you people made me feel better. i hope by the time this video end your baggages and sorrows would not be hard enough for you to carry. i hope you can relax your stiff shoulders now. have a good night. â¤ï¸,2022-08-08T14:14:32Z
Aashma Aashma,you know youve hit rock bottom when even study music makes you cry,2022-08-31T08:59:46Z
Kiss Mae Dumdum,To everyone whoâ€™s feeling down esp this quarantine, Iâ€™m giving you a virtual hug. ğŸ¥ºğŸ˜ŒğŸ‘Œ,2020-07-11T05:53:35Z
Daniel Lim,Don&#39;t let others push you around. Let them know that you&#39;re not a toy to play with. You can be strong. And I know you can overcome whatever you&#39;re going through. Whoever you are, I&#39;m here to cheer you on!â¤,2022-10-10T22:55:38Z
Kookie Lofi,This sound is so calming. Whoever read this comment I wish you peace of mind, health and relaxation.,2022-08-16T01:21:02Z
Heal Your Life,If you are reading this, I want to tell you that everything will be fine. You are incredible, you are unique, you can face anything in your life, you have the strength within yourself to overcome any obstacle, loss or situation. You are not alone, you are loved, you have the right to feel bad and good, you have the right to feel. Be blessed by these positive vibes and live your life to the fullest. I am sending my love to the universe so that I can reach you.â¤â¤,2022-10-21T18:24:52Z
Relax Nature,Iâ€™m back here after 2 years, Iâ€™m in a happier place and feel more at peace with myself. Thank you for being a part of this journey :),2022-08-30T01:38:24Z
Ollie AZR,no ads?!. u deserved to be in heaven. relaxing us n not annoy us with ad spams. bless u,2019-03-05T03:58:06Z
Kemendi Shwetha,This song actually made me feel safe when I&#39;m afraid, stressed and sadness flew through my veins I found this blessed piece ( â—œâ€¿â— )â™¡<br>I feel so relaxed and happy while listening to this ğŸ¤âœ¨<br>Thank for so much for the one who made this God bless you ğŸŒ¼<br>The struggles that I had disappeared from me ğŸ¥º<br>Thank you so much once again...<br>And scrolling through the comments I can see that there also some human beings in this world that has a heart that filed with kind comfort for each and every one ğŸ’•<br>Well everyone in there lives faces problems day by day <br>And we go through so much of hard times... But some how we get that power to stand up again and walk in our own paths âœ¨<br>So everyone be strong, confident, happy, healthy and stress free <br>Love you â¤ï¸,2022-09-02T21:58:51Z
Killua à°‡ â—â€¿â—œ,it&#39;s been 2 years since I started listening to this playlist and 2 years since I entered college. This has been my go-to study music, and 2 years from now (2025) hopefully I&#39;ll be able to finish college. I will be back here. I will reply to my own comment full of happiness and passion as this video helped me in my journeyğŸ’—,2022-08-09T16:16:27Z
ğ™¼ğšŠğš˜ğš›ğš’.,If you&#39;re somehow feeling down, always remember that it&#39;s okay not to be okay. Because not everyday is a sunny day. So have a good life. Rainbows only come out after showers of rain. ğŸŒˆğŸ’›,2022-08-24T18:09:22Z
Ntina Peny,Thank you so much for this song, I am dealing with really bad anxiety and I can&#39;t live me life normally, but whenever I am listening to this I relax and thank you for all of the people who wrote this amazing comments they make me feel a lot more better whenever I think about them thank you everyone!,2022-10-02T12:01:12Z
MaIIS,It&#39;s fascinating how music can unite people emotionally that don&#39;t even know each other,2019-08-15T18:29:46Z
Parham,As an Iranian who is spending really tough time right now I&#39;m listening to this &amp; trying to hold my tears and focus! Wishing for a great day that all of us can live freely &amp; happily:) Dancing with our friends, Singing happy songs, celebrate freedom &lt;3 for that day ;)<br>Love u world! SHOW US A MIRACLE...PLEASE...,2022-10-28T19:50:20Z
MEDI FREE,Thank you ğŸ™â¤ğŸ™ for the fantastic video, ğŸ¶ I&#39;m totally relaxed. I am very happy. I look forward to many new interesting videos from you.â¤â¤â¤,2022-10-19T18:27:35Z
Soy lucia,I started listening after my husband died. This is the only thing that keeps my mind off things, and helps me relax. Thank you for that.,2022-08-25T06:47:37Z
Milind Pandit,I used to listen to this tune every night before sleeping. I find it magical as it just puts me in a state of calmness and ease and makes me forget all the daily stress in life and fall asleep peacefully. I love this melody.,2022-10-25T17:49:37Z
Ka Je,I&#39;m crying when listening this guitar while read the comment who cheering each other. Dear you who read this.  I realize this life is hard, being mature is suck. I know you&#39;re tired with all of this, but you should know. You did a good job. You are great. You deserve to be happy.,2022-03-17T16:32:11Z
Gine Yew,You have no idea how much this music saved me. Today we decided to break apart despite me still being so in love while he&#39;s just being on and off. I stayed alone and I hate the quietness when the night comes :( but this sound calms me so much throughout the night.<br>To anyone reading this, its okay to move on from someone that takes you as a maybe, we deserves more than that.<a href="about:invalid#zCSafez"></a>,2022-08-18T09:13:59Z
idk donâ€™t ask me,i come back every time; the warmness of this music just blankets the room every time I put it on and it creates the most comforting atmosphere. thank you so much for this &lt;3,2022-10-10T03:12:07Z
Akina Hagi,I used to prepare my high school exam listening to this. Now I&#39;m about to graduate from university, and I still come back to this whenever I&#39;m stressed. Thank you,2022-10-25T15:30:29Z
MyNameIsAbigail,For the people who are studying:<br>Just the fact that you&#39;re right here means you&#39;re on the right track! Keep your focus and I know you&#39;ll be able to do it! Keep that chin up and that brain sharp.<br><br>For the people who are trying to sleep:<br>This is a reminder to put the gadget down and close your eyes. Save whatever is troubling you for tomorrow. This is a time for rest. Breath in and out, and wait for that special slumber.<br><br>For the people who are relaxing:<br>Know that you are the best you can be, and that you should keep on striving! I believe in you and I love you &lt;3. <br><br>For the people who are also commenting:<br>Thank you so much for giving out support to random people, these little things really help us out. Bless you!,2022-08-29T13:24:42Z
Jeleni Park,To anyone who are struggling academically, everything will be okay.,2021-02-19T05:27:29Z
TV Art Gallery,Beautiful work! I wish everyone reading this can achieve whatever they want! â¤,2022-10-15T01:43:32Z
LoFi Zen Relaxing,To the person reading this, Good Luck! Don&#39;t stress, everything will be fine. No matter what difficulty you are facing right now, you can overcome it! You are strong and brave.ğŸ¥°â¤,2022-09-01T20:08:38Z
Kyon Ayase,I really love the guitar. I have stresses with my studying and when i saw this comment section, i was thankful. Thank for your encouraging message &lt;3,2022-10-20T14:21:51Z
KARIMI KADAMA,this song is so relaxing! Whenever I stress I just use this music.I hope to everyone peace and quiet in thier mind. And don&#39;t forget never give up on your dreams!,2022-10-25T17:41:53Z
lofi geek,wow this got into my recommendations - absolutely amazing<br><br>if you&#39;re reading this hope you have a nice and relaxing day, and never forget: you are A W E S O M E,2021-12-16T21:11:43Z
Chemin AurÃ©lie,Everyday, at night, I listen to this. Thanks to you, it becomes a heart-warming moment in the day that I look for when life gets darker. Thank you!,2022-11-05T23:31:30Z
asilentrndm,Been using this for the last 2 school years to assist me while I&#39;m answering endless piles of homeworks. This new school year, I look forward to listening to it again ğŸ¥².,2022-08-23T08:04:49Z
Nur Aziani Ahmad,To someone who tired physically and mentally. Hopefully that hapiness will come after many hardships and pains.Thank u for existing and be strongâ¤ï¸. Always love yourself my precious :)<br>Sending hugs and iâ€™ll always with you forever ğŸ¤,2022-10-19T15:15:33Z
Hi I'm Lee Know,This music made me always happy and feel so beautiful thank you for this masterpiece really i wish the best for your life! <br>I also wish all people to be in good health and smiles every day is ours always be happy with their family friends and relatives is the best thing we have Always think positive like this music really!!!ğŸ’—ğŸ’—ğŸ’—,2022-10-16T15:29:36Z
Tranquil Sounds - Relaxing music,To anybody reading this, I pray that whatever is hurting you or whatever you are constantly stressing about gets better, Good luck and love to all.,2022-07-05T17:07:36Z
Relax Meditation,can we take a moment to just appreciate the fact we are all strangers who don&#39;t know each other in the comment section all coming together and giving support to one another? its just so wholesome to seeğŸ’–ğŸ’“,2022-10-25T10:37:11Z
Emilianna kovach,whenever you feel lonely,  Just remember, the sun is all alone, yet still shines â˜€ğŸŒ…ğŸŒ»,2022-09-13T19:30:42Z
Daphnephan,Today is bad day, but thank you this sound very much bc this sound make me feel relax when Iâ€™m tired. Amazing soundâ¤,2022-10-21T13:31:06Z
Lena McCraw,I absolutely love the comment section here, everyone is full of love and so supportive for each other. Let this positive vibe pass around â¤,2022-10-22T12:57:54Z
ğ—ğ—®ğ˜€ğ—¼ğ—»-(ğ——ğ—²ğ—®ğ—»)-ğ—Ÿğ—¼ğ˜€ ğ—”ğ—»ğ—´ğ—²ğ—¹ğ—²ğ˜€,If you are reading this, I wish you the very best of luck in lifeğŸ‘ŒğŸ½â¤ï¸,2019-08-10T12:45:26Z
Oli London is always right ğŸ˜›,If your reading this I hope whatever is bothering you gets better and may you be able to accomplish what you want,2022-10-25T05:55:10Z
Theanimator,Thank you to everyone who wrote an amazing, loving comment, it really really helps ğŸ’™,2022-10-24T18:13:18Z
Valerie Ken,For whoever reading this comment, pls remember thay you are doing just fine. Don&#39;t be too hard on yourself. Please take some time to take a deep breath and release it, close your eyes for a while. It&#39;s gonna be okay â™¡,2022-08-31T15:07:23Z
Savanna Claire Viernes,This song is realy relaxing when im studying or sleeping it realy realax me and my mind  thanks so much that you created this song!. :)ğŸ’–,2022-10-23T09:37:24Z
Vidya,just imagine people in the comment section come together.  giving hugs, holding hands, sharing.,2020-05-17T20:27:33Z
Relax For Life,May the dark thoughts, the overthinking, and the doubt exit your mind. May clarity replace confusion. May peace and calmness fill your life.,2022-09-10T04:10:00Z
Heitor Oliveira,Sempre volto nesse vÃ­deo. HÃ¡ 3 anos salvos nos meus favoritos. Esta mÃºsica me acompanhou nos meus piores momentos. E vcs dos comentÃ¡rios sempre foram gentis e carinhosos comigo. Eu me sinto abraÃ§ado, toda vez que escuto essa mÃºsica. Obrigado, por me ajudar a me manter vivo. Obrigado por segurar cada lÃ¡grima minha, e cada sentimento. This song, is now and ever, part of my history.,2022-08-08T01:27:26Z
Drown Your Sorrows â™ª,Hope everyone are having a wonderful and relaxing day!ğŸŒ¼,2022-09-20T12:45:55Z
D,Thank you sm for this. I had a bad day yesterday and felt even worse today but after a nice relaxing bath with this music I feel completely calm and chilled. ğŸ’•ğŸ’•,2022-08-09T10:13:06Z
Rain Sounds ,This sound is so wonderful. The person who is reading this comment , i wish you great success , health, love and happiness !,2022-06-18T02:11:47Z
Justin,This is the most calming music loop I have ever experienced. The guitar is just such a beautiful instrument that produces such a beautiful sound. So, I volunteer at a mediation room on my college campus. I only play this because it is the best way for me to relax and I want to spread this sound to as many people as possible. Thanks MONOMAN for creating such beautiful content and sound. &lt;3,2022-10-20T21:38:39Z
ìƒ¤ë°”,listened to this when i was 11 yrs old. I used to study while listening to this and i just found this again while searching for relaxing music to study with. I just turned 16 :) kinda wished i left a message for myself here in the comments haha,2022-09-18T19:02:13Z
Naomi,I really love this song it makes me more calm and i always study with this song. This song is amazing!!!,2022-11-01T05:40:08Z
N!dhi,Guys, being alive to listen this amazing lofi is a real blessing rn! Whatever you are doing, do it lovingly, joyfully and gracefully âœ¨ï¸ ğŸ’–,2022-08-19T18:01:12Z
Ais Tis,Imagine if the whole world would listen to this all together at the same time, the world would be at peace for 1 hour with no anger.,2019-12-20T07:46:43Z
Lunaals,I used to listen to this while I was a senior in high school, studying for the university exam. :&#39;) And now I&#39;m in my dream university. In fact, it&#39;s my second year in here now and I&#39;m still listening to this while studying for the midterms. Makes me really happy to think about how I was studying hard at that time and it was worth it. I love this music especially because it makes me feel nostalgic and thoughtful.. and also relaxed.,2022-10-30T13:57:38Z
Hea,I used to take deep breathes and try to match the beat of the song with my breathing when I was really stressed or anxious, or just overwhelmed mentally. The song always helped me calm down, or just get whatever emotion I need to get out. I&#39;m in a much better place now, I still need to come back to this song once in a while, but these days the song feels more like a warm reminder that I will always have this small corner of the internet by my side in my darkest place than an emergency helpline when no one is around. I&#39;m truthfully glad for that, thank you Monoman,2022-09-09T07:28:34Z
Stefhani Santos,Esse som Ã© muito bom de se ouvir, atÃ© meu gatinho fica tranquilo quando coloco &lt;3,2022-08-25T21:55:11Z
Mindful Meditation & Music,To anyone that needs to hear this today, pain is temporary and is part of your healing journey. There will always be light at the end of the tunnel and remember, you will always be worthy of eternal happiness. Yes, YOU â¤ğŸ™,2022-10-24T18:09:16Z
unadequated,To everyone who&#39;s studying with this music:<br>Checklist: <br>â€¢ A bottle of water, at least 1liter. Your brain works better if it has enough water and drinking helps you to concentrateğŸ’§<br><br>â€¢ Your charger. You sometimes don&#39;t even notice that your device&#39;s battery is going down, so better have it plugged in all the timeğŸ”‹<br><br>â€¢ Your headphones. You will be able to focus more with headphones, because it blocks background noises. Also, if it&#39;s a late night study session, you won&#39;t wake up anyoneğŸ§<br><br>â€¢ a tea or coffee. Coffee keeps you awake, green or black tea can make you feel more awake as well.â˜•<br><br>â€¢ Your study/work stuff:  your laptop/tablet/phone , a few pens, paper or whatever you need.âŒ¨ï¸<br><br>â€¢Anything else you could need, what about a heat pad, a blanket, a good lamp, your pet so you have a study buddy ğŸˆ<br><br><br>Reminder:After an hour, you should stand up and walk a bit around. Better stop the music or put on different music for the break. Open your window, even if it&#39;s cold outside. Fresh air will make it better, trust me. <br>You could also lay your head down on your desk for ten minutes and listen to a podcast. Or, if you have to read a book, listen to the audiobook of it. You can also listen to the audiobook while doing another thing, that&#39;s even better than listening to music while reading the book.<br><br>I hope y&#39;all had a good day, if not, that&#39;s okay too. Remember to take care of yourself and try to get some sleep tonight <br><br>( This comment isn&#39;t originally mine, but I think it can help a lot of people :),2021-09-19T07:40:43Z
Fladess,Wow the guitar sounds so magical I love it itâ€™s perfect for relaxing,2022-08-28T11:34:25Z
Ù„Ù„Ø¬Ù†Ø© Ø±Ø§ØºØ¨ÙŠÙ†,My current moment I feel so sad that even my heart is starting to hurt but I just want to say thanks thanks again for all the kind people in this comment section. Plz donâ€™t stop sharing positivety we canâ€™t handle anymore sadness or pain .,2022-08-29T21:31:21Z
Eliseth Manuel,This song is so relaxing and put me thinking a lot of things to begin a new season in my life. It&#39;s like a prayer but with yourself and your own thoughts ğŸ’¬ infinity of thoughts.,2022-08-28T11:34:31Z
Soft Melodies,To the person reading this here, I wish you the best sleep when you need to sleep, and you who are too stressed, I wish you the most stress-reduced day ... Take care of yourself you deserve the best  â¤,2022-10-19T06:13:59Z
THE CAKE ROOM,Listening to this while my little baby girl is sleeping on my chest. Such a serene moment.,2020-06-23T10:38:01Z
Piano Melodies,Enjoy these peaceful moments to the fullest, life is full of storms! Good luck everyone &lt;3,2022-11-07T04:10:20Z
Cherry Blossom Angel23,i&#39;m just obsessed with this tune .... i guess its the 3rd year of me still listening it !<br>had a very imp exam yesterday and this tune calmed my anxiety very well ! thanks !,2022-09-05T16:00:54Z
Lele ã„¹ã„¹,Honestly, I will graduate my senior year  listening to this masterpiece when studying and it has never been not good. Thank you for this. Forever grateful.,2022-11-07T12:03:25Z
Lemon Bunny,those feelings this tune is catching and radiating with such an beautiful vibe ğŸ¤,2022-09-08T15:40:23Z
Vijay Krishnan,Everytime i have a bad day i listen to this and read the comments.<br>This is the other side of youtube community.<br>People who don&#39;t care who is first.<br>People who help you knowingly or unknowingly.<br>People who dont even know who you are yet still tries cheering you up.<br>Honestly <br>THIS IS HOW EVERYONE SHOULD BE.<br>Stay safe and happy Everyone.,2020-09-20T11:29:02Z
Full Entertaining,Anyone who is reading this i hope that you have a peaceful and relax day,2022-08-19T14:49:51Z
multicuenta del xokas,this is so beautifulğŸ˜­ğŸ’Œ... the music, the comments... thanks for making me feel better after a bad dayğŸ’—ğŸ’— and I hope whoever is reading this comment has a good day and can be with their loved ones, I&#39;m sure everything will get better soon, you&#39;re doing well, keep going and don&#39;t give up!!!ğŸ’—ğŸ’—ğŸ’—ğŸ’—,2022-10-16T22:59:44Z
Snowie Riego,I spent so much time researching and studying my subject that I didn&#39;t notice the time and I was about to finish listening to this, it feels so good, the sound is so calming, thanks for this!,2022-09-13T16:32:14Z
Silent Words â£ï¸ğŸ“•,Whenever My life becomes all lonely, this music becomes my partner. I don&#39;t even remember since when it became my habit or hobby to listen it in speaker after coming back from college, while cooking, dishes , moping and even write writing assignments and notes.<br><br>Truly speaking, I was soo broken from inside when I firstly got it, it was like a rhythm of whatever is going in my life......as I am living within a novel or I am a character of any drama story.<br>Broken but Healing<br>Hurt but willing â£ï¸ğŸŒ±,2022-10-27T15:23:44Z
asd 123,The corona virus will end soon just relax and keep listening this kind of masterpiece,2020-03-13T02:40:38Z
Rain Sounds,To anybody reading this, I pray that whatever is hurting you or whatever you are constantly stressing about gets better, Good luck and love to all.,2022-08-30T00:54:41Z
Yujin Han,I listen this almost every night and it&#39;s really helpful for me to calm and meditate. Fav part when meow features at <a href="https://www.youtube.com/watch?v=FjHGZj2IjBk&amp;t=23m24s">23:24</a>,2022-09-20T14:34:41Z
Silent Sorrow,I am currently watching this at 12 am the start of my birthday, the comments on this are making my day already start off amazing!!! And to whoever is reading this, you will make it. <br>Yes, everything may be falling apart right now but you will learn so much from every experience. It may hurt. Just know your feelings are so valid and that you will make it through this. You&#39;ve come this far, just push for one more step, no matter how small. All your effort will be worth it, someday you&#39;ll look back and see how far you&#39;ve come. How many you pushed to do the same. All because you took one small step. Please stay hydrated!! <br>I hope you have a lovely day, Stranger<a href="about:invalid#zCSafez"></a>,2022-10-19T04:23:37Z
Sutanu Mukherjee,Thank you for this! &lt;3 <br>Whenever I am stressed or need to focus...I listen to this. It always manages to calm me. &lt;3,2022-08-21T17:11:42Z
Dana,I feel grateful to all of you, the comments give you a beautiful and relaxing energy , everyone encourages and supports you and you feel that everyone is by your side . I really thank you very much, you made me a smiley person  .,2022-10-06T08:12:47Z
Hmm,i just want to say thank you ğŸ’<br>this make me calm down many times from bad feeling. The arts and music so warming and gentle. I love it so much â˜ºğŸ’•,2022-08-15T23:33:07Z
Haylee,All of the comments here are so wonderful. I always find myself coming back to this video when I need a peace of mind, or just to relax. It really makes me feel less alone to know that everyone has things that they are going through, and that even if we donâ€™t all know each other we can still encourage and push ourselves to be better and make it through hard times. Remember that you are enough and worthy of love. Keep going guys. ğŸ«¶,2022-08-20T19:38:25Z
Meditation For Life U,This is really inspiring,and relaxing,2022-10-27T16:19:01Z
Wanda Stilinski,If you&#39;re doing homework, don&#39;t worry you will finish it just keep going  â¤ï¸<br><br>A few tips for studying:<br>ğŸ“Listen to this (ofc)<br>ğŸ“If you are sitting at a desk make it comfortable (blankets and pillows)<br>ğŸ“Clear a specific space <br>ğŸ“Have the window open (if it&#39;s cold only open it a tiny bit)for fresh air <br>ğŸ“Don&#39;t pressure yourself<br>ğŸ“It&#39;s ok to take a break â¤ï¸ <br>ğŸ“Stay hydrated <br>ğŸ“Have some food with you <br><br>Hope this helped â¤ï¸<br>You got this!,2021-03-03T08:30:52Z
Vivian Hawkes,Thank you so much for the music and the beautiful animation that goes with it. <br>It really helped me calm down and relax. &lt;3,2022-09-24T01:00:03Z
RJ,How beautiful it is to have someone play for you by your side until you sleep,2022-08-20T09:29:45Z
SANTA CRUZ BALLENA JEYSON YOEL,I was procrastinating until I started listening to this. It was just awesome how I calm down and started doing what I had to. I&#39;m delighted for finding this. Hope you can enjoy this as much as I did. &lt;3,2022-08-31T01:16:15Z
ğ‘ªğ‘³ğ‘¬ğ‘¨ğ‘¹ğŸŒŒ,Wonderful, I really needed such a video for psychological comfort. I am already comfortable with such videos, very comfortable ğŸ˜Šâœ¨ğŸ’®,2022-10-31T21:32:58Z
Moumita Barua,Donâ€™t worry about your exam. Donâ€™t worry about your test. Donâ€™t worry about the homework due tomorrow. Youâ€™re doing amazing and even coming here to study is a start and Iâ€™m proud of you! Donâ€™t stress out. Youâ€™re doing amazing. You got this. And just remember, I might not know you but at the end of the day I want you to do well, so if you donâ€™t want to study for yourself, study for me. I believe in you â¤ï¸,2021-08-31T21:42:49Z
lopez jonathan,Great music, it is so peaceful in mind. Wish everyone be happy and healthy!,2022-09-12T03:34:35Z
Relaxing Mind â™ª,This song helps me overcome the daily stress in life. Hope all the best will come to anyone who reads this comment. Thanks very much !,2022-10-04T11:59:35Z
Healing Paradise,Yes, this is divine relaxation, calmness and peacefulness, many thanks to the author. I wish health, goodness, love and prosperity to everyone who listens!,2022-08-28T17:09:17Z
Kim Hera,Everytime i open this meditation, then close my eye. I keep remembering the past things in my life. I will start crying because i really miss my old life. The person already left us but their memories still there. Its really hard to stop crying. Im crying until i fall a sleep.,2022-09-08T17:42:41Z
I k Sá‘Œá—·á—· fOR this á—´á˜œá˜œ,Hey <br>strangers,<br>There are a lot of languages in the world but music is the language which connects all of us.,2020-10-16T14:41:46Z
Relaxing Sounds with J.S. TV,This video is great and sound is amazing. To anyone reading this comment I wish you the and that you are able to conquer your troubles day by day â¤ you got this keep on pushing ğŸ˜Œ,2022-10-10T01:48:21Z
Lexy! ğŸ—,Please make more like this, I love it&lt;3,2022-09-02T17:40:37Z
Ù…Ù„ÙƒÙ‡ Ø§Ù„Ø§Ù†Ø§Ù‚Ù‡,Me: Damn, I missed the time I&#39;m supposed to study   <br>I&#39;m reading the comments and the smile never leaves my face How music can bring together all these huge number of people, they encourage each other it&#39;s very relaxing I wish you a life full of love, peace of mind and relaxation, remember that you are not alone that God is with you and sees you, Just smile, you will get stronger  <br>_Someone from the Internet,2022-08-26T09:47:48Z
Maram M,This is my go to music when i feel, sad, lost, happy or content whatever the feeling  I hear it every time differently ğŸ¥¹ğŸ¥¹ I really love it,2022-09-12T19:50:15Z
Bernera Rin,The only problem in life is there is no background music â¤ï¸,2019-03-08T12:15:21Z
Alia Almalki,I have been listeing to this song since i was in middle school, now i listen to it while doing my homework in high school. It helped me alot to study for my exams, and i also want to thank you ery much for making this song that helped me a lot and in my difficult times as well. THANK YOUâ¤ï¸,2022-08-29T19:40:46Z
Naomi Aban,This has been on my bookmark for almost 2 years now. It helps me focus when doing my homeworks and projects. Thank you so much!,2022-09-26T18:19:58Z
Instrulnomical,This Video/Music Brings So Much Wonderful Memories! â˜ºï¸<br><br>My Co-Worker, Now FiancÃ©, Used To  Play This While I Took A Nap After Work ğŸ¥°<br><br>And Now Every Time I Hear This Song, I Get All Happy Teary ğŸ¥¹ <br><br>Thank You For This Wonderfully Relaxing Music!<br><br>I Hope You Have A Wonderful Day! ğŸ˜,2022-08-29T03:38:23Z
Reshinta Puspita,I listened to this song with my dad, when I only had 5 days left to be with him before my dad left me to meet god. this is the last music i listen to with him , so I always listen to this when I need my dad and miss him. Thank you for making a beautiful song :),2021-09-02T05:06:47Z
M.O.O.D Lofi,<b>The person who is reading this comment. You&#39;re beautiful, and never give up your dreams, you are in this world for a reason!ğŸ’›ğŸ’›Thank you for the video.</b> ğŸ’•ğŸ’•,2022-08-25T08:44:32Z
Catsie Wolfe,Wonderful soothing music. Also, you can&#39;t go wrong with a kitty! (Especially one that can apparently play the guitar when you aren&#39;t looking!),2022-10-06T03:15:31Z
Salma Ehab,THIS MEDITATION IS SO COMFORTABLE ğŸŒ»âœ¨,2022-08-30T12:22:41Z
shig kiyomi,I listened to this song during my bath labor of both my two children. And now I&#39;m listening it during my emotional maternity period. It keeps me calm. Thank you â¤ï¸â¤ï¸â¤ï¸,2022-08-28T13:44:52Z
Himawari Sekai,I feel like this song is hugging me<br><br>Edit : thank you for the likes â¤ï¸ have a good day ğŸ¥°,2021-06-04T13:21:10Z
sparkleplaysã‰¿,I listen to this every time I study since the age of 13 and I&#39;m 16 now it helps me really focus on my studies especially it clears the thought of your head that I&#39;M ALONE or I&#39;M DEPRESSED OF BEING IN THIS LIFE. <br><br>To whoever who reads this, may u have a better life, no one has a good life everyone has any one problem in their life. And to clear it people need support , love , care and peace,2022-08-23T16:13:22Z
sugaryblast,among all the bgm on youtube.....i feel like this is the one for me.....whenever i do my homework i play it and i feel so calm and my homework gets done in no time....i did try other music but i feel like this must be the one for me.....thanks manoman for creating this masterpiece and sorting my lifeğŸ˜ŠğŸ˜„ğŸ’™,2022-09-24T07:42:18Z
Keena,May all of us be happy. It was so nice to read the comments. Of all the sleeping music, this one is my favourite.,2022-08-08T17:11:58Z
Relaxing Station,calming sounds and beautiful scenery Thank you for sharing. Have a great weekend!,2022-10-01T10:04:35Z
Darij Matt3,This comments section is like a big common diary, where we put out our worries and get hugs and love in return. Today, is a tough day for a lot of people. Lots of heavily painful stuff happened today, and are happening this year in general. Iâ€™d like to send you hugs, to anyone who needs one right now. You are not alone, you are loved and important no matter your skin color, no matter your life choices, no matter your past, no matter your values and beliefs.,2020-05-31T21:27:46Z
Nguyá»…n NhÆ° Ngá»c,such a vibe. even my cat and my dog fell asleep while listening to this ğŸ˜´,2022-11-05T03:56:09Z
Ayesha Siddiqua Mohana,reading comments and listening to this makes my heart so much peaceful ğŸ’–,2022-09-05T18:02:30Z
ä¾ãƒ•ãƒ«ãƒ¼ãƒ„ãƒãƒ³ãƒ,always coming back to this music when my mind is in a dark place. thank you,2022-11-07T13:23:42Z
relax music,wonderful for falling asleep you <br>can feel immediately how you get inner peaceâ¤ï¸ğŸ™,2022-09-02T11:30:44Z
Jennah Raja,To anyone listening to this while being stressed from school, work, or whatever it might be:<br><br>At times you feel like giving up, don&#39;t you?<br>You question yourself with &quot;why am I putting in all this work and doing what I&#39;m doing?&quot;, right?<br>You have set such high expectations of yourself, haven&#39;t you?<br><br>It&#39;s so hard to focus especially since we are in the middle of a pandemic and at times we feel so unmotivated. You have so much to do and not enough time to do it. I get it. I feel you. It is not easy. It won&#39;t be easy.<br>While there are no shortcuts to completing your tasks or getting to your goals, just remember I am here for you and we have got this. Do not put yourself down and beat yourself up over everything. You need to take breaks. In between each assignment or task reward yourself. Talk to yourself. Open your window or go sit outside for a few minutes. Just breathe. Then, begin your work again. You must take breaks and collect yourself. Write down your thoughts. Drink some water.<br><br>Just remember you aren&#39;t the only one and you aren&#39;t alone. If we are struggling let&#39;s struggle together and get through the obstacles.<br><br>You are loved. Thank you for being here.<br><br>Good luck to everyone. Your hard work will pay off in the end.,2020-10-21T14:13:45Z
Khaled waleed,I used to listen to this music during a very stressful period of my life. I thought life would end for me back then. Now, whenever I run into this music accidentaly I remember that period immediately, and I smile everytime it happens :).,2022-09-13T22:49:19Z
moonğŸŒ¼,Music is the language that everyone understands. Being unite even if we are strangers, it just melts my heart â¤ï¸,2022-08-10T18:36:27Z
Meenakshi Shri,Thanks to this music, when ever I cry because of neet pressure i just listen to this music and relax a bit to get the tension out. Really helps me a lot thank you so much. â¤ï¸,2022-10-18T17:32:18Z
Apple Grace,I just slept on this on a loop for 5 hours, best sleep I ever had in my life,2022-11-06T08:26:37Z
Rei Hino,I can feel this video telling me: It&#39;s okay.,2019-07-18T15:02:23Z
Clyden Sapitona,If you&#39;re here with me, we&#39;re both struggling right now but don&#39;t worry we have God to hold on. We&#39;ll be fine and happy any moment from now.ğŸ¤—ğŸ˜Šâ¤ï¸,2022-10-25T07:50:27Z
Miss Kiss,Ğ‘Ğ¾Ğ¶Ğµ Ğ¼Ğ¾Ğ¹!ĞšĞ°ĞºĞ°Ñ Ñ‡ÑƒĞ´ĞµÑĞ½Ğ°Ñ Ğ¼ÑƒĞ·Ñ‹ĞºĞ°!ĞĞ²Ñ‚Ğ¾Ñ€Ñƒ Ğ±Ğ¾Ğ»ÑŒÑˆĞ¾Ğ¹ Ğ¿Ñ€Ğ¸Ğ²ĞµÑ‚ Ğ¸ ÑĞ¿Ğ°ÑĞ¸Ğ±Ğ¾!Ğ­Ñ‚Ğ¾ Ğ²Ğ¾ÑÑ…Ğ¸Ñ‚Ğ¸Ñ‚ĞµĞ»ÑŒĞ½Ğ¾Ğµ!,2022-08-23T10:06:24Z
Weird Enie (Ğ Ğ£Ğ¡),Listening to this while 8 months pregnant ğŸ˜Œ <br>For some reason no special music for pregnancy helps, but the guitar relaxation music is just so soothing.  My baby loves it â¤ <br>Thank you for making this videoğŸ¥°,2022-09-06T20:47:29Z
funny talk,In the every single time, when I felt stressed, I must go to this place to relax myself, thank for sharing, it help me a lot ğŸ«¡,2022-09-06T11:42:28Z
matchahamster,Dear MONOMAN, Recently my father passed away from cancer. During his final days, hospice suggested playing some relaxing music as he rested/family stayed by his side. He loved the guitar dearly, so we had this in the background. It brought so much comfort during such a painful time. Even now it soothes those who are left behind in grief. Thank you, from the bottom of my heart, for sharing such peace.,2020-06-18T19:21:32Z
Mariam Alnajada,I study and play it and my cats sleeps everytime she hears it,2022-09-05T12:47:36Z
maul,this is bringing me nostalgia, i usually listen to this everytime i go to bed 3 years ago. I know 3 years is not that much, but it still hits hard.,2022-08-30T15:33:29Z
Dilasha Adhikari,This track is mesmerising. Sometimes it makes me cry, sometimes it makes me relaxed and at peace whereas sometimes it accompanies me while I wander through isolation. Beautiful â¤ï¸ Thank you monoman!,2022-08-23T09:34:03Z
Walter Joseph Kovacs,I knew of this song while hugging the girl of my dream to sleep. Though it took me too long to tell her how much of a beautiful girl she is. Our situation now wouldn&#39;t let us be together, but this song will always have a special place in my heart. It marks the happiest moments of my life, even when it makes me understand what it means to feel &#39;bittersweet&#39;.<br>Q&amp;T.,2022-08-16T18:28:11Z
Harry Tomlinson,Virtual Hugs for those people who feel bad or alone in this hardful situation for everyone. Good wishes âœ¨,2020-05-27T21:52:19Z
Jenna Kunst,Everyday is a new dayâ€¦sometimes we just need to take a moment and realize some things are just not worth getting so torn up about. There is so much for us in this world, itâ€™s so big and we all have potential to do great. Every single one of yâ€™all. Stay stafe ğŸ’,2022-08-14T18:45:22Z
Harley R,I absolutely love the comment section here, everyone is full of love and so supportive for each other. Let this positive vibe pass around â¤,2022-10-09T15:24:43Z
Nad's,The comments full of love and support gives me so good feeling, smiling to the screen knowing that there still are the best people in the world. <br>SO MUCH LOVE â¤ï¸ TO THE BEST PEOPLE IN LIFE â¤ï¸,2022-08-11T16:05:41Z
Relaxing Zone,Very good music for relaxation and deep sleep!<br>Thank you for sharing!,2022-09-01T16:07:59Z
Lailie Rodriguez,How to best enjoy this-<br>-Turn on music <br>-Lie in bed<br>-Turn off lights, if you&#39;d like turn a lamp on<br>-Keep some water close by<br>-Have a pet or plush<br>-keep warm or cool, your preference <br>-Think of your favorite person<br>-Hold something that makes you feel safe<br>-Have an oil diffuser with your favorite scent (credit M S)<br>-sit with 2 or 3 people under a blanket.<br>I recommend more then three people. Trust me you&#39;re going to want it if you want to feel nice cozy and safe :3 (credit to â€‹ DrAlbert )<br>+Enjoy your rest beautiful comment traveler.<br>Edit: Hello, I made some edits to my comment by adding some stuff and taking away small details. Have a great day and an even greater one tomorrow!,2020-06-20T05:51:41Z
Shin Min Mon,Don&#39;t cry and listen it we are always with u.Everything will be ok.â¤,2022-09-08T13:53:15Z
ã¿ã‚†.,in the comments, all the people are so nice and warm thank you for this, it cheers me up, and you smile more too  ğŸ’“ğŸ’“,2022-08-23T19:07:06Z
ì•„ ë¯¸â™¡,i love this melody, it makes me relaxing,2022-08-31T16:52:45Z
Miyoung ë¯¸ì˜ ,I&#39;m inlove with this playlist. Thanks for sharing this. And,  I love YOUR other playlist too, good song choice. I didn&#39;t realize that I&#39;ve been missing so many good songs until I listen to your playlist ğŸ’œ,2022-09-05T09:26:20Z
birdie,Hey little fighter, soon everything will be brighter.<br><br>Edit: this has been my comfort place for so long, stay strong! i hope things go your way soon,2022-01-24T19:49:45Z
Angela Tolentino,Been listening to this for months and   wanting that it could be longer than 1hr, because i want more than an hour for a peace of mind. Tonight i&#39;m crying while listening bc for the past weeks i&#39;m still grieving to my cat&#39;s death. And i just noticed that there&#39;s a meow of a cat included in the sound and makes me even cry harder. After crying i check the comments and started to read some  and surprisingly makes me feel better. Thankyou everyone! All shall be wellğŸ¤,2022-10-05T19:33:20Z
Ğ¡Ñ‚Ğ°ÑÑ Ğ¨ĞµĞ²Ñ‡ĞµĞ½ĞºĞ¾,Ğ¾Ñ‡ĞµĞ½ÑŒ Ğ¿Ñ€Ğ¸ÑÑ‚Ğ½Ğ°Ñ Ğ¼ĞµĞ»Ğ¾Ğ´Ğ¸Ñ.. Ğ¿Ğ¾Ğ´Ñ…Ğ¾Ğ´Ğ¸Ñ‚ Ğ¿Ğ¾Ğ´ ÑĞ¾ÑÑ‚Ğ¾ÑĞ½Ğ¸Ğµ ÑĞµĞ¹Ñ‡Ğ°Ñ ;(<br>Ğ¸ Ğ¾Ñ‡ĞµĞ½ÑŒ Ğ¿Ğ¾Ğ¼Ğ¾Ğ³Ğ°ĞµÑ‚ ÑƒÑĞ¿Ğ¾ĞºĞ¾Ğ¸Ñ‚ÑŒÑÑ,2022-08-20T08:35:39Z
Miranty Mayasari,My instrument fovorite every night before sleep with my kids â¤,2022-10-28T13:01:00Z
Venom Spawn,Gracias joven artista por ayudarme ante mi ansiedad, tengo unos problemas Ãºltimamente por culpa de mi impulsividad y obviamente no he encontrado la manera de tranquilizarme mÃ¡s que con esta musica, te agradezco mucho lo que haces por muchos jÃ³venes en estos tiempos dÃ³nde los tornados y los temblores son solo uno de Miles de  problemas, de verdad te agradezco mucho, saludos desde MÃ©xico ğŸ’•,2022-09-10T03:24:05Z
Ridhima Nagari,Since this comment section is actually making people smile , I&#39;d like to contribute too. <br>To anyone reading this , genuinely saying , all your dreams will come true someday. Yes , they will and you&#39;re going to come back to this comment and smile again:) Just don&#39;t give up , I KNOW , you can do what you&#39;ve not been able to do since long. You will achieve everything you&#39;ve always wanted to. Better days are coming , trust the almighty. He&#39;s seeing you always:))),2020-07-12T21:32:51Z
Andrey Alfiansyah,For the person who read this, &quot;We can Make It, after the storm there always a sun that always ready to shine, keep strong, the world is not always in shine, there is always a dark side &quot;,2022-09-13T01:43:07Z
1311 Marmin,This is the best source of music~<br>Almost brings tears to my eyes,2022-10-20T15:23:43Z
Nguyen Oanh,Má»—i láº§n nghe bÃ i nháº¡c nÃ y Ä‘á»u cáº£m tháº¥y yÃªn bÃ¬nh, nhá»› khoáº£ng thá»i gian mang báº§u bÃ© iu cá»§a mÃ¬nh â¤ï¸ ChÃ¢n thÃ nh cáº£m Æ¡n tÃ¡c giáº£ ğŸŒ¹,2022-10-18T16:43:27Z
ELGL- Easy Listening Guitar Lab. ,So beautiful ! So soothing ! Thank you for sharing the wonderful video and music.,2022-08-20T16:29:22Z
Sarak Relaxing,Don&#39;t know if someone is reading this, but if you are: You are amazing and beautiful! I believe in you! â¤ï¸,2020-12-10T07:15:27Z
GABRIELLA GUIMARAES RAMOS,My goodness! I&#39;m so relax, so calm, so happy. Thanks,2022-10-10T19:59:46Z
Jermaine Denise Dela Cruz,itâ€™s been 2days lang hirap ako maka tulog parang 5am ko na makukuha sleep ko then 7am magigising ako. Thanks for this sobrang naka tulong sakin kagabi naka 7hrs sleep din akoğŸ¥ºğŸ«¶ğŸ» Sana maging ok tayong lahat,2022-08-16T00:19:42Z
Abdallah Nasrallah,Great and very exciting music Andrew it&#39;s a nice thing to hear while I&#39;m studying I love to hear it Thank you so much to those who made this music again Thank you ğŸ–¤ğŸ¤,2022-09-15T10:53:13Z
Ğ¯Ğ½Ğ¶Ğ¸Ğ¼Ğ° Ğ”ÑƒĞ³Ğ°Ñ€Ğ¾Ğ²Ğ°,Ğ¡Ğ¿Ğ°ÑĞ¸Ğ±Ğ¾ Ğ²Ğ°Ğ¼ Ğ·Ğ° ÑÑ‚Ñƒ Ğ¿Ñ€ĞµĞºÑ€Ğ°ÑĞ½ÑƒÑ Ğ¼ĞµĞ»Ğ¾Ğ´Ğ¸Ñ, Ğ¾Ñ‡ĞµĞ½ÑŒ ĞºĞ¾Ğ¼Ñ„Ğ¾Ñ€Ñ‚Ğ½Ğ¾ Ğ·Ğ°Ğ½Ğ¸Ğ¼Ğ°Ñ‚ÑŒÑÑ Ğ»ÑĞ±Ğ¸Ğ¼Ñ‹Ğ¼ Ğ´ĞµĞ»Ğ¾Ğ¼ ğŸ’—,2022-10-10T14:41:16Z
Jm Vlog,Yesterday , is history<br>tomorrow , is a mystery<br>But today , is a gift<br>That is why it is called a present .,2020-10-21T15:05:11Z
Relaxing music meditation music,Thanks for your amazing videoğŸ¥° To everyone who reads this comment, I want to wish peace of mind and a wonderful dayâ˜ºï¸,2022-11-05T18:30:44Z
Ceylin Åirin,As always having an anxiety. I am in the room, drinking my lavender tea. It helps a lot. But I know that everything will be okay. It&#39;s just so hard and painful to live like this. Admitting anxiety is the key. From Istanbul with love ^^,2022-08-22T21:14:47Z
Vicky,The moment you realized that these video is for studying, sleeping, relaxing ğŸ˜Œ,2022-08-11T14:24:15Z
Nguyá»…n Quá»‘c Huy,This song reminds me about the time i&#39;m still in university, studied everynight with this song. Felt relly calm, also helped me to concentate alot. Everytime i listen to this again, i feel it.,2022-08-12T02:33:20Z
Noahâ€™s Beat Laboratory,Iâ€™ve always loved these videos because thereâ€™s no hate at all. Just a bunch of random strangers from around the world encouraging each other. If someone reads this, thank you for being you,2022-05-05T01:47:02Z
Ayush Gupta,Whoever is reading this let me tell you &quot;do not worry and have patience everything will be fine&quot;,2022-08-27T18:59:46Z
kyra kryst,I really love to listen to this music where I am upset or having bad days and also love read the comments...there are so many good peoples supporting each other in their bad times...a good positive community of people with so much positivity and support.thanks good people...keep supporting each other and be kind to everyone even in the real life tooğŸ¥°ğŸ¥°,2022-10-16T19:18:05Z
Shashitha Udesh,This music made me feel relax and calmâ¤ğŸ˜Œ,2022-09-14T15:52:00Z
Relax Time,Hello)<br>Very cool music for relaxation<br>Thank youâ¤ğŸ’˜,2022-08-21T13:48:14Z
BANGTAN KINGS,Just good to see how strangers are comforting eachother ... This show humanity still exists,2021-07-02T18:49:02Z
sbpv,The positive vibes and prayers in this comment section makes my heart feel light . It&#39;s okay not to be okay !,2022-09-15T16:14:36Z
Joaquim Teixeira,Finalmente um sÃ­tio onde todos se tratam como iguais. Como seres humanos, com as nossas virtudes e defeitos. Sim. Eu sou uma dessas pessoas! Finalmente paz em todos os comentÃ¡rios. Assim dÃ¡ gosto. Felicidades para todos e acima de tudo, muita paz e paz de espÃ­rito. Bem haja. Um forte abraÃ§o de Portugal.,2022-08-23T14:15:56Z
KF_maya,Itâ€™s like bringing back the memories cuz when I was younger at lunch at school we would watch this all the time still lovin it,2022-08-11T12:55:28Z
Selfienuna,I always listen to this music every night when I go to sleep,2022-10-31T22:35:19Z
patricia,I hope that 10 years from now i will find this video and remind myself how i have slept, studied and relaxed while i was at home, hiding form a virus and keeping my family safe. One day all this will be over, and i promise you guys, we will be happy and okay, but till then be good, take care and enjoy little things in life ğŸ’›,2020-09-24T21:26:16Z
hope,Feelings are temporary, they will pass. <br>Whatever hardships youâ€™re going through, it too shall pass. <br>Life is beautiful, life can be beautiful.<br>Keep going ;,2022-08-20T15:03:51Z
zein hamid,thanks for making this art. you have no idea how much it has helped me. sending virtual hug to you, x,2022-09-20T04:22:14Z
Inner Peace - The Future Of Healing,This is so beautiful and heartwarming ğŸ’™Much love to everybody, be kind to anyone, we are all the same ğŸ’™<br>If all the people in the world would open their heart, expand their energy and love and try to make this world a better and peaceful place, our earth would be such a beautiful place to live in ğŸ’™,2022-09-23T12:31:23Z
Relax and Calm,Take a deep breath and take a moment to calm your mind, heal your soul and let the stress float off your body. You are worth it and deserve to relax and take some time out for yourself with this original soothing, calming music. I always love to see where you are watching from across our beautiful world.<br>regards : Peace and Calm,2022-08-30T06:03:53Z
Larina ALI,I just want to say a HUGE thank you! Today I was feeling soo bad, bcs I&#39;m on my period and it&#39;s hurt as hell ğŸ˜­ But only this music helped me to sleep, to forget the pain, to relax. I&#39;m still I&#39;m shock, bcs I tried everything things, massage, meditation, medocs .. none of them worked !<br>I&#39;m not sure you&#39;ll read my message, by thank you again :),2022-09-25T14:49:59Z
dilbar turabekova,ÑÑ‚Ğ¾Ñ‚ Ğ¼ÑƒĞ·Ğ¸ĞºĞ° Ğ¼Ğ½Ğµ Ğ´Ğ°Ğ¶Ğµ Ğ¾Ñ‡ĞµĞ½ÑŒ Ğ½Ñ€Ğ°Ğ²Ğ¸Ñ‚ÑÑ, Ğ¿Ğ¾Ñ‚Ğ¾Ğ¼Ñƒ Ñ‡Ñ‚Ğ¾ ÑÑ‚Ğ¾ ĞºÑ€Ğ°ÑĞ¸Ğ²Ğ¾ Ğ¸ Ñ€Ğ°ÑĞ»Ğ¾Ğ±Ğ»Ğ°ĞµÑ‚ÑŒ Ğ´ÑƒÑˆÑƒğŸ¥°ğŸ¥°ğŸ¥°,2022-09-09T13:18:45Z
Wahid Shaikh,My favorite music to study, Love this feeling.,2022-08-15T09:59:11Z
Jessy,Me ajuda a meditar sempre muito obrigada,2022-09-20T03:23:16Z
Vanilla,This comment section made me cry, you guys are amazing. I&#39;m going through a lot right now and the nice comments here really mean a lot. I love ya&#39;ll.,2020-12-10T17:15:11Z
Black,If you reading this, whoever is hurting/threatning you cheer up we&#39;re here for you and don&#39;t be scared &lt;3,2022-08-30T17:35:36Z
Mellow Music,Gentle melodies help to relax the mind. Thank youğŸ’–,2022-10-04T14:01:24Z
Joseph Longmei,Music is a very important part in a person&#39;s lifeâ¤ï¸,2022-09-09T15:50:51Z
Marcelo Kazequer,This is so amazing! Peace and Love for everybody =),2022-09-13T23:58:09Z
AsianMomFacts,My comment will probably get lost but whoever read this... you got this! Whatever you are going through will get better hang in thereğŸ’›,2022-01-18T00:02:48Z
Soft Melodies,If you are reading this I hope you sleep peacefully and wake up happy and well rested!,2022-11-07T09:59:05Z
Lim Sovannsothy,Sitting in a room during December, The weather is cold, and this relaxing music always reminds me of you.â¤,2022-08-26T15:09:27Z
Azila Limbang,I am stress now and having anxiety and my exam is near I can&#39;t focus and study I am just wasting my time laying down and thinking what to do but while listening to this beautiful song and reading all the people comments here, I  feel a little relax thank you everyone and stay strong whoever read this comment may Godblessyou always ...,2022-10-31T09:19:13Z
Shuchismita giri,If peace would be a piece of music, then this is it.....ğŸ¥°,2022-10-17T19:05:28Z
Shota Toriumi,Yesterday , is history<br>tomorrow , is a mystery<br>But today , is a gift<br>That is why it is called a present .,2020-11-13T21:29:03Z
Anthony Moore,The first time I watched/heard this was during a particular lonely night during the early stages of pandemic lockdown. This really helped me get through that night and Iâ€™ve watched/listened so many times since then.,2022-10-09T21:42:34Z
â€¢Mrielyâ€¢,my parents have become busier and usually leave me to take care of my siblings, this is the song I made them listen to so they can fall asleep. It&#39;s been years since I last heard this song, it&#39;s still as calming as ever. One thing that I definitely remember is that the person turns into a cat somewhere in the video ;D <br><br>Edit: I was right. <a href="https://www.youtube.com/watch?v=FjHGZj2IjBk&amp;t=36m06s">36:06</a> timestamp,2022-08-27T18:34:24Z
Animesh,Your composition is amazing...<br>I really love to listen the soothing music whenever I am in off mood.  It brings me alive and blessed. <br>Thank you for such a music....,2022-08-21T06:20:09Z
Annghi07,Itâ€™s been 2 yrs listening to this music. I love it. One of my friend asked me if I have a music that puts me at peace and I think I found my answer.<br><br>For the people reading this, everything will get better stay strong,2022-08-30T17:07:30Z
expastelline _Sof,Iâ€™m sitting in my bed, drinking hot chocolate and reading. Itâ€™s raining outside a Sunday morning.. <br>ya know, life isnâ€™t that bad after all,2020-05-20T07:11:05Z
Cozy Luxury Apartment,Wow !!!! Love, light and healing to all those reading this.,2022-10-19T02:23:37Z
Kyung-wan Yoo,After a long day, when I got home I just went and said &quot;Okay Google, play some soothing music through YouTube&quot;. Google gave me this. This was nice. Thank you.,2022-09-23T12:18:56Z
-ğŸ£Gih tutorialsğŸ£-,I use this sound to sleep, it&#39;s very relaxing,2022-08-09T03:19:28Z
Pooh,I often listen this while I study!ğŸ¥°,2022-08-10T13:53:54Z
Anushmita Das,Why does this place feel so warm..? The music and the strangers just encouraging each other without any gain... Just love...it feels like we can talk about anything here without the fear of being judged and there is always someone to listen...â¤ï¸ Thankyou everyone for being so warm,2022-06-05T13:27:11Z
Searching for a Name :)),To the random person who is reading this. <br>This is just one chapter of your life. There are many new chapters waiting for you. So don&#39;t give up !! <br>We are on it together,2022-08-15T17:25:02Z
jayke the eggie,as someone person who struggles with insomnia id like to thank you soooo muchhh this music is so relaxing i put it on loop at 6pm and woke up at 5 am feeling so refreshed and ready to start the day tysmm :))),2022-08-13T19:41:57Z
D' RHYTHM CAFE,I relate much to this kind of video, this really helped me sleep and relax. <br>Inhale peace. Exhale your happiness. Thank you for posting this kind of video.,2022-10-02T00:15:53Z
Morning Energy â™ª,I listen to this song every day when I go to work and when I go to bed, it&#39;s like a mental medicine to help me get the best state in life. Thanks very much !,2022-10-04T12:49:37Z
uyu Staley,I want to meet people who like this kind of music :),2019-10-06T21:38:09Z
elisabeth schenkel,Quanta beleza nesta mÃºsica! Talento que vem de Deus! Obrigada por compartilhar ao mundo estÃ¡ maravilha! ğŸ™â¤ï¸,2022-10-18T18:24:00Z
MÃ¯kÃ¨y IgÃ¸p,Wow, it&#39;s really peaceful here in the comments. wish to everyone to have a long lived life with a touch of a close friend or your family,2022-08-25T01:33:58Z
Rezalyn P. Bulfa,This is my kind of therapy ğŸ’•,2022-10-12T05:27:15Z
Kendraa,Thank you, I can fight my insomnia with that,2022-10-05T21:30:18Z
Urugiro,This man is a truly kind person. there is no ad in this music he just wants us to have a good time and he is still giving some hearts to people that is writing comments after a almost 2 years. Love him and thank you MONOMAN,2020-10-15T15:30:11Z
Janan,It is the most attentive music Iâ€™ve ever heard â¤ï¸,2022-10-29T08:49:44Z
Socheata Sorn,What a beautiful sound ğŸ¦‹,2022-08-27T04:15:39Z
raulRV,Essa musica estar me ajudando muito nesses momentos dificeis me ajuda a relaxar e dormir!! ğŸ‡§ğŸ‡·ğŸ‡§ğŸ‡·ğŸ¥°ğŸ¥°,2022-09-09T01:40:34Z
ĞĞ½Ñ‚Ğ¾Ğ½ ĞšĞ¸Ñ€Ğ¸Ğ»Ğ»Ğ¾Ğ²,ĞÑ‚Ğ»Ğ¸Ñ‡Ğ½Ğ°Ñ Ğ¿Ğ¾Ğ´Ğ±Ğ¾Ñ€ĞºĞ°!,2022-10-19T17:43:19Z
New Phone Who Dis,This inspired me a lot at 2 AM yesterday, so here&#39;s the first out of the five poems I wrote. I hope you enjoy reading it along with the music â™¥ï¸<br><br><b><i>&quot;A small moment in time&quot;</i></b><br><br><i>For a small moment in time</i><br><br><i>I pause and wonder why</i><br><br><i>Look at the ceiling and stop thinking</i><br><br><i>Taking in the realization</i><br><br><i>That I&#39;m still alive</i><br><br><i>And for a small second in time</i><br><br><i>I finally relax</i><br><br><i>And search for a way to walk</i><br><br><i>The peace and the quiet</i><br><br><i>I find myself to adore</i><br><br><i>The company of loneliness</i><br><br><i>Is right at my door</i><br><br><i>It gives me comfort</i><br><br><i>Keeps those sad thoughts at bay</i><br><br><i>I hope you will feel the same way</i><br><br><i>Take a deep breath</i><br><br><i>And relish in the fact that</i><br><br><i>You&#39;re still breathing</i><br><br><i>You&#39;re still human</i><br><br><i>The waves will wash away</i><br><br><i>All the sorrow and the bad</i><br><br><i>The good will come crashing</i><br><br><i>And will leave you in a trance</i><br><br><i>Because this place</i><br><br><i>Is where your heart&#39;s supposed to be</i><br><br><i>And this place</i><br><br><i>Is where you take the time</i><br><br><i>To pause for a moment in life</i>,2019-12-28T13:36:12Z
Fransiska B,I have a fear of many things, even to present things in front of several people. My heart beats faster, my hands tremble, my mouth and brain can&#39;t work properly. In fact it&#39;s just being in an online meeting.Just a few days I was looking for some music or song that can calm me down while studying, and I found this again even though at first it was sad music for me (because it reminds me of a moment in the past) but that changes, this music brings its own serenity. And I found a way to be able to calm me down to face something that I&#39;m afraid of, namely while listening to this when I face it. Even though my hands are still shaking a little But at least I&#39;m calmer and my mouth is able to say something ..,2022-10-13T05:40:43Z
Kainat Jabbar,hey there! I just have to say that this video has been on my playlist on the bad and good days during my degree. Tomorrow is my last exam, and im feeling happy to complete this journey while listening to it for 4 years..,2022-09-12T17:18:17Z
Joyceeee,i listened to this to sleep when i was depressed for days... it helped me sleep..thank youuuu,2022-08-11T17:21:29Z
Little Bua Bua rainbow spy,This video make me relax well Iâ€™m doing homework I love this song u made ğŸ¥°,2022-08-23T10:15:49Z
loser chips,Things To Love About Life:<br><br>1. Meeting an old friend after a long time<br><br>2. Making a new friend<br><br>3. Receiving a compliment<br><br>4. Giving a compliment<br><br>5. Learning to play an instrument<br><br>6. Finding your passion<br><br>7. Warm blankets and fuzzy pillows<br><br>8. Adorable kittens and puppies <br><br>9. The smell of your favorite food<br><br>10. A new episode of your favorite show popping up<br><br>11. Being told &quot;I&#39;m proud of you.&quot;<br><br>12. Being able to talk to accepting people on the internet<br><br>13. Making someone&#39;s day better<br><br>14. Meditating<br><br>15. Learning to love yourself<br><br>16. Giving high-fives<br><br>17. Appreciating the effort you put into things<br><br>18. The taste of a smoothie on a hot summers day<br><br>19. The feeling of a job well done<br><br>20. Being in the middle of a great scene in a book<br><br>21. Finding an interesting videogame<br><br>22. Getting obsessed with that videogame<br><br>23. Drawing<br><br>24. Listening to music. Anytime. Anywhere<br><br>25. Finding a quarter on the street<br><br>26. Getting a nice cup of coffee<br><br>27. Learning more about someone you misjudged<br><br>28. Realizing there&#39;s so much to do in life<br><br>29. Being a part of a community<br><br>30. Do what you can to help the planet<br><br>31. Practicing positivity<br><br>32. Taking life one step at a time<br><br>33. The smell of a good wax candle<br><br>34. Fresh baked cookies<br><br>35. Achieving literally anything<br><br>36. Being close to a holiday so you can binge of way too much candy<br><br>37. Practicing mindful eating<br><br>38. Sewing<br><br>39. Trying something for the first time. Be it food or activity<br><br>40. Dancing with friends or alone<br><br>41. Having a crush on someone<br><br>42. Delighting in that feeling even if they don&#39;t like you back<br><br>43. Realizing they <b>do</b> like you back<br><br>44. More videogames!!<br><br>45. Writing a list of things you like to do<br><br>46. Handmade gifts <br><br>47. Taking a step towards your dreams<br><br>48. Proving people wrong for doubting you<br><br>49. Practicing patience and forgiveness<br><br>50. Loving people from all backgrounds and beliefs<br><br>51. Meeting someone amazing<br><br>52. Meeting someone that you idolize<br><br>53. Your room, but clean<br><br>54. Trying to think of any Thanksgiving songs and failing<br><br>55. Remembering all your past teachers who were nice<br><br>56. Being happy that you have the right to get free education<br><br>57. Going to the gas station to get a frozen treat<br><br>58. Going to a state fair and having fun<br><br>59. Realizing how much you&#39;ve improved as a person<br><br>60. Setting goals to improve as a person<br><br>61. Doing something you haven&#39;t done in a long time<br><br>62. Learning a new language<br><br>63. Learning anything positive<br><br>64. Warm showers/baths<br><br>65. Seeing someone cute<br><br>66. Having a nice conversation<br><br>67. Being around supportive people<br><br>68. Taking that step<br><br>69. Having a good sense of humor<br><br>70. Being a respectful person<br><br>71. Strive to be a positive role model for your generation<br><br>72. Loving on animal and plants<br><br>73. Telling inanimate objects to stop moving<br><br>74. Watching a funny or bad movie<br><br>75. Looking at some amazing art<br><br>76. Card games<br><br>77. Board games<br><br>78. Going to a new city<br><br>79. Decorating<br><br>80. Cats<br><br>81. Sunlight pouring through the windows<br><br>82. Writing<br><br>83. Finding a poem that you really connect with<br><br>84. Finding a person you really connect with <br><br>85. Hanging out with grandma/grandpa<br><br>86. Saying &quot;I love you&quot;<br><br>87. Being appreciated<br><br>88. Daydreaming<br><br>89. Looking back at old things you drew or made<br><br>90. Watching your favorite YouTuber <br><br>91. Starting a journal<br><br>92. Pretending you&#39;re in a movie<br><br>93. Actually being in a movie<br><br>94. The possibility that anything wonderful could happen to you<br><br>95. Realizing that you have the ability to make someone feel loved<br><br>96. Having someone to make you feel loved<br><br>97. Stepping away from suicidal thoughts and recovering<br><br>98. Rescue animals<br><br>99. Loving and seeing the value in all life<br><br>100. Being you, the fact that you were blessed with the gift of even existing... is amazing. Whether you&#39;re cynical or positive, whether lazy or opportunistic... know that whatever struggles you have, there&#39;s always a way to improve the situation. <br><br>101. You simply can&#39;t make a list of every little wonderful thing about life! There&#39;s way too many!,2020-03-25T09:38:46Z
life fun fun,ì •ë§ ê³µë¶€ì— ì§‘ì¤‘í•  ìˆ˜ ìˆê²Œ í•´ì£¼ì…”ì„œ ê°ì‚¬í•¨ë‹ˆë‹¤^^,2022-10-01T12:08:20Z
Saad Ghunain,This music is not for study it amazing to sleep and relaxs I love it keep going,2022-08-07T21:11:08Z
Box Story,its been countless time i return just to hear this masterpiece, thanks monoman, this music is really helping me,2022-09-15T03:02:39Z
Anja Lazanski,Im gonna use this song for study every day!ğŸ‘ğŸ»,2022-09-08T08:15:45Z
Jostin Darknes,Desde el minuto <a href="https://www.youtube.com/watch?v=FjHGZj2IjBk&amp;t=23m18s">23:18</a> al <a href="https://www.youtube.com/watch?v=FjHGZj2IjBk&amp;t=23m35s">23:35</a> fue grandioso escuchar al gato; principalmente en el minuto <a href="https://www.youtube.com/watch?v=FjHGZj2IjBk&amp;t=23m34s">23:34</a> con su Ãºltimo maullido. uwu,2022-09-12T07:11:05Z
BellazYTaTT,NO ADDS? 1 HOUR, VERY CALM MUSIC, CAN BE DOWNLOADED?!?!! YOUR THE BEST THANK YOU SO MUCH IT HELPS SO MUCH!,2022-09-04T08:33:17Z
JJ,Esta melodÃ­a me relaja tanto que mis emociones salen solas lloro porque asÃ­ dreno todo, y me hace muy bien ya que constantemente acumulo mucho, me siento muy sola y los comentarios son tan positivos que me llena el corazÃ³n, tu que me lees te mando bendiciones todo va a mejorar ten fe paciencia somos seres llenos de amor y todo lo bonito estÃ¡ por llegar,2022-09-06T03:18:52Z
FLC Renaissance,Extremely relaxing. Beautiful comments. A big like ğŸ‘ğŸ»ğŸ‘ğŸ» and Best wishes from FLC Renaissance.,2022-09-26T09:13:32Z
elsa. lass,I love the vibes in this comment section. Feels so safe and comfy. I wish everyone love, happiness, success and hope&lt;3,2022-01-04T22:03:49Z
MÃšSICAS RELAXANTE  RELAXING SONGS,som  maravilhoso,2022-10-16T13:34:53Z
Vansh Chand,before listening this song i think that there is only one who is lonely but after reading the wonderfuls comments and a wonderful relaxing  sound i feel like i am happy thank you very much MONOMAN,2022-09-01T15:51:14Z
Strawberriii Weeb,I like this , itâ€™s so relaxing and it makes u sleepy,2022-08-27T06:24:36Z
Simply Shiying,Thank you, this loop song calms me and helps me focus at work better.,2022-09-26T02:56:05Z
RomÃ¡ntica MelodÃ­a,To anyone who&#39;s reading this, ITS GOING TO BE OK. I pray that whatever is hurting you or whatever you are constantly stressing about gets better. May the dark thoughts, and the over thinking, and the doubt exit your mind right now and may clarity and understand replace confusion. I declare peace and calmness to fill your life.ğŸ’¯ğŸ’¯â¤â¤,2022-09-12T03:40:40Z
afzal salmani,Beautiful flash backs came in mind after listening this musicğŸ¶,2022-09-22T13:41:16Z
Moya Hogan,Why does this place feel so warm..? The music and the strangers just encouraging each other without any gain... Just love...it feels like we can talk about anything here without the fear of being judged and there is always someone to listen...â¤ Thankyou everyone for being so warm,2022-08-18T02:33:06Z
Dinella Irawati Fajrin,after 3 years, i still love this one. thanks for made thisğŸ¥¹ğŸ¥¹ğŸ¥¹ğŸ¥¹,2022-09-16T10:29:36Z
Rovi Savino,Sending virtual hugs and love to anyone struggling in life right now. You&#39;re never alone. I believe in you.ğŸ’•,2020-06-11T11:13:29Z
BTS ARMY,Thank you so so much  â¤â¤ . It made me sleep in a few of minutes. I&#39;m so glad I found this channel. I will be supporting you for my life. You video are so relaxing. Hope you get whatever you want in life. <br>&lt;3,2022-08-31T13:51:02Z
Brahyan Barrera Ospina,I love this relaxing music and its animations is pretty,2022-10-07T22:27:43Z
Niall Harry Zayn Liam jEnNiFeR,thanks so much to all the ppl who wrote lovely msgs in the comments. yall have no idea how much happiness and satisfaction it gave me as if i have ppl who support and encourage me. so here&#39;s one for others as well :) <br><br>hope youre well and i know youre gonna make it big in life, i wish you all the very best for everything luv!,2022-10-13T14:02:45Z
nnxcvii,with this picture Im imagining myself at the balcony, under my best warm fluffy sweater and sock, playing this soft guitar tune, head rolled back to the low rail, facing the sky, eyes glowing reflected by the starry night sky, soft wind come caressing my face with my eyes closed, fire crackling infront of me and my hot tea piping hot besides me. what a perfect picure ğŸ’œ,2022-09-25T17:46:37Z
NATURE SHOOT,If youâ€™re reading this, everything will be okay. Whatâ€™s meant to be will be. I also just want you to know that you are loved. Have a wonderful, peaceful sleep.,2022-04-17T18:46:56Z
Dalia Hazem,I remember listening to this on a winter day while working on my Master thesis a few years ago .. maybe in 2019 coz that was the year I submitted it. Today, I felt like listening to it again while working on the PhD. Hope to be done with it soon. And thank you for your beautiful music ğŸ™,2022-08-17T13:28:45Z
Kind Nuzeco,Whenver I hear this I feel a warm feeling inside,2022-08-14T19:20:31Z
Chandu Kushi,I listen this in a night daily.because life full of problemğŸ˜ğŸ˜­.thanks for the video maker.15 to 20 min after I can sleep thank u it&#39;s stressless musicğŸ˜ğŸ˜­,2022-08-14T16:16:20Z
rain suki,POV:<br>You&#39;re just laying down on your bed and staring at the ceiling thinking what is the purpose of your life.<br><br><br><br>10-27-2022<br>I&#39;m using this music to review because we have a periodical exam tommorow. I hope my grades/marks will be fine.,2022-10-27T05:09:12Z
Eugene Lim,I don&#39;t why, but I feel like this music connects to my heart. It makes me calm, makes me focus for my assignments as a final year student. Thanks for making thisâ™¥ï¸,2020-06-02T16:24:12Z
anonym,I always love how the girl turn into cat with the meow backsoundğŸ°ğŸŒ¸,2022-08-10T08:26:57Z
Samiksha Jain,I was completely focusing on my studies when I was listening to this music,2022-09-14T07:14:06Z
Angie cz,I know that you are so tired and you are stress out but it&#39;s time to relax, it&#39;s time to calm, it&#39;s time to sleep. I know that it&#39;s hurt but you can!!! You are so strong, lets go!!! I believe in You  &lt;3 â¤ï¸â¤ï¸ goodnight,2022-09-02T03:23:10Z
Indira Chettri,All the negative news without any peace had taken place by this relax music the peace of this music n it&#39;s heart touching guitar turn just made my day n more days tooâ¤ï¸,2022-08-29T19:01:20Z
Elle Fullo,To everyone who reads this,<br><br>&quot;You are loved.&quot;,2020-10-29T14:13:14Z
Adeyabeba Abebe,Thank you for your patience with me Lord. God bless the composer, you made us feel calm,2022-09-25T18:44:49Z
Relaxing  Music,Really beautiful â¤ï¸,2022-09-08T10:41:03Z
subramania pandian,Believe in miracles, stay positive , you got this trust me!,2022-10-14T14:29:37Z
Aaaa Bbbb,To Anyone who read this, You are amazing! I know you have a bad day, stressed, and tired of life, but remember your not alone! I don&#39;t know you and you don&#39;t know me, but I believe you can do this! Everything will be alright, Remember again you never be alone. There&#39;s so much people that love you, I never meet you but you are cool and amazing, Life not always good, but life not always bad too, so don&#39;t give up and do your best, don&#39;t forget to keep smiling, because smiling makes everything feel better. Good Luck With everything in your life, love you! ğŸ¤ğŸ•Š,2022-09-04T14:22:01Z
spidermonkey,Imagine yourself on your own little tropical island. <br><br>No rules, no schedules, no work, and no worries. <br><br>Youâ€™ve just finished catching fish and you decide to make a little campfire and cook your fish on the beach. <br><br>And after a long day you return to your little cabin on the beach with your belly full. <br><br>You stare out to the ocean to see the beautiful sun set. <br><br>Than as you step inside your little cabin it starts to rain a little, and you could hear every single rain drop land on your roof and on the windows. <br><br>As you start to doze off about all those little random thoughts in your brain, you bring out your guitar and play some tunes. <br><br>After your creative mind starts to get tired, your body begins to relax. <br><br>You walk up to your room and lay down in a comfy bed and think about the plans for the following day.<br><br>(EDIT)<br>Thank you for all the positivity. Hope you guys have a good day/ night. Be safe out there and happy new year â¤ï¸,2021-01-11T11:58:47Z
Morally Scripted,Thereâ€™s nothing more magical than music.,2022-10-31T21:23:48Z
Moko Koko,Its been 3 years now.. when i was still a kid i was listening to this while sleeping. Thank you for making me sleep well,2022-09-26T19:03:25Z
Focus Mind On Mucsic,I have trouble sleeping and accidentally found the music this channel gives me. Thanks for these great songs!,2022-10-04T12:15:07Z
A Little sharing,Really like when the cat sounds appears ğŸ¥º,2022-10-24T09:15:15Z
Caden Hurst music,Damnit man, I came here expecting help with sleep, now knowing that reading the comments would make me smile, laugh, and cry at the same time. For the first time in months, I feel ok. This is proof that it gets better, even if it isnâ€™t permanent, youâ€™ll still have those good and bad days. I love every one of yâ€™all,2020-06-14T05:59:46Z
TrÆ°Æ¡ng Má»™ng Tuyá»n,every single moment I listen to this song, I always feel so touched,2022-10-14T11:39:52Z
Pablo Gonzalez,BellÃ­sima melodÃ­a. <br>Es triste los acordes y a la vez me da paz, tranquiliza y abre puertas a la felicidad. Muchas gracias, maestro!,2022-09-23T00:51:22Z
lofi jukebox,Love the lofi vibe here :),2022-09-12T00:45:22Z
Meditate And Radiate,Very nice. Your channel is an inspiration for all of us...Thanks for great Music,2022-08-09T00:36:58Z
ElywithoutanI,This song is like a big hug from the inside and warmth all around,2019-11-17T16:31:11Z
love,I sleep with this song I love it so much &lt;333,2022-09-16T11:54:32Z
The Relax Vibes,Soul melting music.. OMG love it.. so soothing and relaxing <a href="http://www.youtube.com/results?search_query=%23virtualhug">#virtualhug</a>,2022-08-26T08:23:02Z
çŒ«çµ„æ‰‹ğŸ¥ª,Thanks these comments are so sweet I have a bad day of school I&#39;m just starting crying when I see encourage comments ğŸ’“,2022-09-05T09:45:37Z
D.A.E,AmIGO NO DEJO DE ESCUCHARLA TODOS LOS DIAS , PUEDO USAR LA MELODIA PARA GRABAR UNA CANCION SI??<br>TE QUIERO MUCHO  BRO :(,2022-08-29T18:12:47Z
lily,This comment section is the most purest and beautiful place ever. The fact that so many people were strong enough to share their pain and happiness and that many others were able to feel it with them, it&#39;s absolutely beautiful. This feels like everyone&#39;s safe place. I hope that everyone who watched this and read all the kind and sweet comments feel better now. I&#39;ll always hope for the best for all of u. I hope everything goes well and u feel happyâ™¡,2021-06-22T11:57:16Z
Troxnr,i love this music chilling vibes,2022-09-07T00:48:23Z
Troy Narciso,it&#39;s been 3yrs since i started to listen to this music and i haven&#39;t read comments here . . . As i read the comments . . . all of us is feeling off or down . . . this music help me a lot through my down times i hop you continue creating wonderful music . .,2022-09-13T15:07:50Z
Nathalie Pham 6M Wieselgrensskolan,I LOVE THIS ONE WHEN I&#39;M STUDYING,2022-09-22T15:07:42Z
Aaron Paul Orijuela,I just come accross to this again but I remember 3 years ago that I listen to this every early morning when I started working on myself and started a support role in my company. I just remember the feeling I had those times that I am really pushing myself hard to get to what I want that time. Now I am managing my own team and awarded Top Team Manager for consecutive quarters. For those people who are working on something, tiny little effort up to the biggest sacrifice will pay-off someday. Good luck!,2022-11-03T09:34:49Z
lovesick,There might be a few reasons someone clicks on this video. <br><br>Some might want something soothing to lull them to sleep. To those people: I hope you get some good rest! Good night &lt;3<br><br>Some may be lonely or are feeling down. To those people; The light will come soon enough. You can do this, I believe in you!<br><br><br>Some may be studying. To those people: I hope you ace whatever you&#39;re studying for! You&#39;ve got this :)<br><br>Some canâ€™t stand the silence and the thoughts and tears that accompany the silence. to those people: Take a few deep breaths, you&#39;ll be okay.<br><br><br>To <b>anyone</b> who is reading this, I love you, and so many other people do! Everything is and will be okay. youâ€™ve got this. and i love you. ğŸ’•,2020-10-06T12:42:43Z
Strawberryjams,THIS IS THE MOST BEAUTIFUL LOFI EVER... It makes me so happy &lt;3333 I love you all, and I hope you know that you are loved, remembered, and that no matter how hard your day is, you can come here... Because you are worthy, and wanted.,2022-08-16T12:00:09Z
Ann,So calm. I hope our hearts are at peace. God bless.,2022-09-08T18:47:27Z
IkramZz,I was feeling down and lonely.. but all these comments comforted me and made me feel less alone! The community here is so kind, much love â™¡â™¡,2022-09-29T11:02:24Z
Camellia Azurine Ch. VTuber ID,so relaxing :))),2022-08-30T19:26:20Z
Chava OrduÃ±a,This song has helped me relax, study, cry, in general for almost everything I do. Thank you very much for creating this masterpiece and thank you for existing.,2020-07-01T17:20:13Z
mvstw _,Omg,I fell asleep after 3 minutes and the video has played for 1 hour ,thanks!!,2022-09-02T15:41:25Z
lil shi,For the past 2 years, this has brought me so much peace. Thank you ğŸŒ»,2022-09-10T09:22:55Z
Wind Melodies,I hope that your life will be full of roses. Dark thoughts, thoughts escape from your mind. Wishing you all a very warm evening,2022-10-25T11:00:42Z
Sophie Roberts,Let&#39;s thank the creators who didn&#39;t put any ads in this video â¤ï¸<br>edit:thank u for all the likes and thanks monoman for liking the comment,2021-10-26T10:10:55Z
Agnes Surya,It is so amazing how i see strangers trying to heal others through the comments section. You guys literally made my day. I hope everyone is having an amazing dayğŸ’•<br>Remember guys, there is nothing that you can do to change your past. Humans make mistakes, all we can do is to forgive ourselves and be better. You are not disgusting, you are not ugly, you are WORTH IT, you are AMAZING, you are LOVEDğŸ’•<br>Everything is gonna be just fine.,2021-01-14T09:26:23Z
Costy,Literally to the 1% who&#39;s reading this, God bless you, and may your dreams come true, stay safe and have a wonderful day,2021-01-15T11:51:12Z
ST Healing Music,I know that when you are listening to this song you are very tired but for anyone reading this remember that a smile never goes out of style! Hope you have a good day! God will always be with you,2021-12-23T03:51:21Z
My snowball,To everyone who&#39;s studying with this music:<br><br>Checklist: <br><br>â€¢ A bottle of water, at least 1liter. Your brain works better if it has enough water and drinking helps you to concentrateğŸ’§<br><br><br><br>â€¢ Your charger. You sometimes don&#39;t even notice that your device&#39;s battery is going down, so better have it plugged in all the timeğŸ”‹<br><br><br><br>â€¢ Your headphones. You will be able to focus more with headphones because it blocks background noises. Also, if it&#39;s a late-night study session, you won&#39;t wake up anyoneğŸ§<br><br><br><br>â€¢ a tea or coffee. Coffee keeps you awake, green or black tea can make you feel more awake as well.â˜•<br><br><br><br>â€¢ Your study/work stuff:  your laptop/tablet/phone, a few pens, paper or whatever you need.âŒ¨<br><br><br><br>â€¢Anything else you could need, what about a heating pad, a blanket, a good lamp, your pet so you have a study buddy ğŸˆ<br><br><br><br><br><br>Reminder: After an hour, you should stand up and walk a bit around. Better stop the music or put on different music for the break. Open your window, even if it&#39;s cold outside. Fresh air will make it better, trust me. <br><br>You could also lay your head down on your desk for ten minutes and listen to a podcast. Or, if you have to read a book, listen to the audiobook of it. You can also listen to the audiobook while doing another thing, that&#39;s even better than listening to music while reading the book.<br><br><br><br>I hope y&#39;all had a good day, if not, that&#39;s okay too. Remember to take care of yourself and try to get some sleep tonight ğŸ˜´ğŸ§¸<br><br><br><br>( This comment isn&#39;t originally mine, but I think it can help a lot of people :)  ),2022-03-27T15:01:03Z
romi.,To whoever is reading this; <b>you&#39;re the good part of this world, please keep that smile on your face and remain a warrior, you&#39;re not alone</b>,2021-03-01T20:19:28Z
Quite ğŸŒ±,If you have family problems and you are listening to this at night alone<br>You got this<br>You are strong<br>You will survive<br>Everything gonna be okay<br>Love you â¤ï¸,2022-07-14T01:17:54Z
HeyValeYtUvU,&quot;We may speak different language&quot; &quot;but music is a language that all people understand&quot;,2021-04-27T17:44:29Z
Itz_Crystar,Everytime i listen to music like this, i always check the comment section.<br>Because i know that this is the place that feels like heaven :)<br>Stay happy everyone!,2021-07-12T04:24:16Z
Relaxing Music Japan ç™’ã—éŸ³æ¥½BGM,To the random person reading this comment : I donâ€™t know what youâ€™re going through... but I do know that you are beautiful on the inside and out. I know that you are worth so much. I know that youâ€™re going to get through whatever it is that feels like itâ€™s holding you back. keep going. ğŸ’œğŸ’œ,2020-11-04T18:41:31Z
Elliz Rocha,Como eu amo ouvir isso  â¤,2022-08-12T04:29:10Z
Tallesson Chu,So calm love it.,2022-09-09T04:51:31Z
MH,I will never get tired of thisâ¤,2022-10-10T18:52:28Z
hellohihwru,I have listened  to this atleast 100 times and i want to still keep on listening to it . Soo soo sooooting â¤ï¸,2022-08-12T00:45:58Z
Yupin Wongla,If I don&#39;t listen to this song I&#39;m having a hard time sleeping. I really like this song ğŸ¥°,2022-10-19T15:51:56Z
Honey Dehn,I love this music. So relaxing. My pets love it too!,2022-09-19T17:34:09Z
wavesoflife,Imagine the look on my face when I was using this for a relaxing, romantic sexy time experience... and 23min in, a cat randomly starts meowing ğŸ˜‚ğŸ˜­,2022-11-01T20:36:15Z
Joy Loebs,This video has always been my bg music for studying and chilling since the start of highschool, now i&#39;m in college. Still is my fav bg music.,2022-08-31T14:56:49Z
Relaxation for you,So calmingğŸ¤—,2022-09-02T07:20:40Z
ğ™¸ğšœğš•ğšğšğš™ğš ğšğš•ğš•,hey buddy,  life&#39;s been tough lately but remember you are you, the strong and the smartest one. now sleep peacefully because everything&#39;s gonna be alright :)),2022-10-09T18:30:20Z
Luz katerine Garzon Luna,This is so relaxing.,2022-09-21T21:50:55Z
Prakash.K.,Hope you&#39;re doing well! Things will be fine...!!,2022-10-13T15:36:30Z
ramlakhan prajapati,Reading the comments here is also pleasuring<br>It&#39;s all good vibes only here ğŸ¤—ğŸ¤—<br>I&#39;m feeling like I had came to a different place , although it&#39;s just a comment section ğŸ˜ŠğŸ˜Š,2022-11-03T16:15:41Z
âŸ­âŸ¬ KIM SOJIN âŸ­âŸ¬,This music make me happy relax thank you ğŸ™ â¤,2022-10-13T01:25:48Z
